car_name,SKU,page_name,max_qty,current_qty,image_url,price
RLC 1992 GMC Typhoon,JCP13,rlc-gmc-typhoon-jcp13,2406,1460,https://cdn.shopify.com/s/files/1/0568/1132/3597/files/bomjlmtwp2hkylaprvfs_600x600.jpg,28
Hot Wheels Elite 64 BMW M3 Touring,HWR93,hot-wheels-elite64-bmw-m3-touring-hwr93,27647,26790,https://cdn.shopify.com/s/files/1/0568/1132/3597/files/fkxa4jbjomzzacmw8l6e_600x600.jpg,22
RLC Exclusive 1964 Jaguar E-Type,JCP68,rlc-exclusive-jaguar-jcp68,16786,15990,https://cdn.shopify.com/s/files/1/0568/1132/3597/files/gqflsdhkkunukvxgtfly_600x600.jpg,33
Hot Wheels Mario Kart Pauline Vehicle,JJP81,hot-wheels-mario-kart-pauline-vehicle-jjp81,2827,2773,https://cdn.shopify.com/s/files/1/0568/1132/3597/files/vdixp8ypheznollyb54x_600x600.jpg,22
RLC Exclusive 1959 Chevrolet Brookwood,JCP19,hot-wheels-rlc-1959-chevrolet-brookwood-jcp19,3935,3420,https://cdn.shopify.com/s/files/1/0568/1132/3597/files/ablcljbazanolj6gqap7_600x600.jpg,33
Elite 64 Toyota Corolla Levin (AE86) Custom,JCV06,hot-wheels-elite64-toyota-corolla-levin-ae86-custom-jcv06,11381,10620,https://cdn.shopify.com/s/files/1/0568/1132/3597/files/n07n08vowhf2px6ycjnf_600x600.jpg,20
RLC Exclusive ‘70s Dodge Tradesman Van,JCP23,hot-wheels-rlc-exclusive-70s-dodge-tradesman-van-jcp23,1023,680,https://cdn.shopify.com/s/files/1/0568/1132/3597/files/dnr3axqofza67f8yufhq_600x600.jpg,37
Hot Wheels Elite 64 Aston Martin Valkyrie,HWR91,hot-wheels-elite-64-aston-martin-valkyrie-hwr91,16123,15747,https://cdn.shopify.com/s/files/1/0568/1132/3597/files/rdmzqottsp2vvumuocop_600x600.jpg,20
RLC Exclusive '71 Lamborghini Miura P400 SV,HWF11,hot-wheels-rlc-71-lamborghini-hwf11,701,323,https://cdn.shopify.com/s/files/1/0568/1132/3597/files/qbvqkgcn7dm2kuhx3hcn_600x600.jpg,37
Hot Wheels Elite 64 McLaren M6GT,HWG05,hot-wheels-elite-64-mclaren-m6gt-hwg05,21379,21201,https://cdn.shopify.com/s/files/1/0568/1132/3597/files/ng2jq8wf4eczmzduowpo_600x600.jpg,20
Hot Wheels Elite 64 1989 Toyota HiLux Stadium Truck,HWR90,hot-wheels-e64-79-toyota-hilux-hwr90,31569,31438,https://cdn.shopify.com/s/files/1/0568/1132/3597/files/ic1rnoqcvh3sajmtpcwu_600x600.jpg,20
RLC Exclusive 1964 Dodge Power Wagon,HWF09,hot-wheels-rlc-1964-dodge-w200-power-wagon-hwf09,5053,4895,https://cdn.shopify.com/s/files/1/0568/1132/3597/files/eypwauuexaamk7q5dauo_600x600.jpg,30
Hot Wheels Elite 64 Mod Shop '94 Land Rover Discovery,HNJ65,hot-wheels-elite64-94-land-rover-discovery-hnj65,25369,25276,https://cdn.shopify.com/s/files/1/0568/1132/3597/files/lnfyydgutsemssnkb5of_71652c46-6e9d-42c4-ac09-bedd462d8edd_600x600.jpg,30
Hot Wheels Elite 64 1990 BMW 318i Touring,HNJ60,hot-wheels-elite-64-bmw-318i-e21-hnj60,15635,15378,https://cdn.shopify.com/s/files/1/0568/1132/3597/files/zppgdfchprd7zzxjbisp_75df881c-0f09-4e3e-95a3-40c3b146226b_600x600.jpg,20
Hot Wheels RacerVerse Marvel Super Heroes Secret Wars Vehicles,JCF22,hot-wheels-racerverse-marvel-super-heroes-secret-wars-vehicles-jcf22,3734,3706,https://cdn.shopify.com/s/files/1/0568/1132/3597/files/ffthv6qt1k9ihee97vkf_600x600.jpg,20
Hot Wheels Elite 64 Mod Shop '17 Toyota Tacoma,HNJ64,elite-64-mod-shop-17-toyota-tacoma-hnj64,5853,5675,https://cdn.shopify.com/s/files/1/0568/1132/3597/files/clbh17fx3m9pvjduui1i_600x600.jpg,30
Hot Wheels Elite 64 Bugatti Type 59,HNJ62,hot-wheels-elite-64-bugatti-type-59-hnj62,11137,11041,https://cdn.shopify.com/s/files/1/0568/1132/3597/files/omwy7mbncwlt6ujawiww_081e8965-a1c3-48b1-a5f3-881765c3cf77_600x600.jpg,20
Hot Wheels Elite 64 Series '21 Audi RS 7 Sportback,HGW11,elite-64-series-21-audi-rs-7-sportback-hgw11,27934,27847,https://cdn.shopify.com/s/files/1/0568/1132/3597/products/betzvdqrbuubtfhcql1x_ec8302a4-9228-4a68-8e50-4ca2cfc96138_600x600.jpg,20
Hot Wheels Car Culture Premium Car Culture 2024 Toyota Land Cruiser,JBK52,hot-wheels-premium-car-culture-jbk52,544,14,https://cdn.shopify.com/s/files/1/0568/1132/3597/files/ezaciwqtlw3cv4xtthw2_600x600.jpg,6.5
Hot Wheels Premium Fast &amp; Furious 2020 Dodge Charger Hellcat,JBL96,hot-wheels-cars-premium-fast-furious-car-jbl96,1205,932,https://cdn.shopify.com/s/files/1/0568/1132/3597/files/avye2aqcua20ygcvf8ku_600x600.jpg,6.5
Hot Wheels Premium Car Culture Off Road '17 Ford F150 Raptor,JBK70,hot-wheels-premium-car-culture-off-road-jbk70,2902,2768,https://cdn.shopify.com/s/files/1/0568/1132/3597/files/qhdfdztjb3agahrejoge_600x600.jpg,6.5
Hot Wheels Fast &amp; Furious Premium McLaren Senna,JBL92,hot-wheels-premium-fast-furious-vehicle-jbl92,2400,2095,https://cdn.shopify.com/s/files/1/0568/1132/3597/files/ksivd14dokpxhswtfdyv_da136ab6-d487-4d89-a545-eac44a6c6500_600x600.jpg,6.5
Hot Wheels Premium Collector Display Sets,JBM05,hot-wheels-premium-collector-display-sets-jbm05,2226,1976,https://cdn.shopify.com/s/files/1/0568/1132/3597/files/cc07d54fe427635754b2b267cebe4cb251a0278b_600x600.jpg,33
Hot Wheels Boulevard Toyota Land Cruiser FJ43,JBL25,hot-wheels-premium-boulevard-vehicle-jbl25,1646,1356,https://cdn.shopify.com/s/files/1/0568/1132/3597/files/653e7a43930bf8d13fef5178adab7399cf0dc66b_600x600.jpg,6.5
Hot Wheels Premium Car Culture Silhouettes Nissan300ZX IMSA GTS,JBK61,hot-wheels-premium-car-culture-silhouettes-nissan300zx-imsa-gts-jbk61,253,0,https://cdn.shopify.com/s/files/1/0568/1132/3597/files/JBK61_PIP_FE_25_001_4LB_600x600.jpg,6.5
Hot Wheels Boulevard Meyers Manx,JBL22,hot-wheels-boulevard-meyers-manx-jbl22,2546,2440,https://cdn.shopify.com/s/files/1/0568/1132/3597/files/ddae859c87e4e2da17986e808c28d915339da231_751c96ff-400c-4f01-8320-589ddb6cb829_600x600.jpg,6.5
Hot Wheels Premium Fast &amp; Furious 2003 Dodge Viper SRT 10,JBL85,hot-wheels-premium-fast-furious-vehicle-jbl85,2331,2136,https://cdn.shopify.com/s/files/1/0568/1132/3597/files/d6lqv36bqqq3cqnn8af4_600x600.jpg,6.5
Hot Wheels Premium Car Culture 2-Pack - Morris Mini &amp; '67 Austin Mini Pickup,JBK97,hot-wheels-premium-car-culture-2-pack-jbk97,397,358,https://cdn.shopify.com/s/files/1/0568/1132/3597/files/kaetmhfetzc173khwvpb_600x600.jpg,13
Hot Wheels Premium Fast &amp; Furious Nissan 37OZ,JBL91,hot-wheels-premium-fast-furious-jbl91,1961,1799,https://cdn.shopify.com/s/files/1/0568/1132/3597/files/pltwhnvesjq22t47nivc_600x600.jpg,6.5
Hot Wheels Premium Car Culture 2-Pack '71 AMC Javelin &amp; AMC Rebel Machine,JBL06,hot-wheels-premium-car-culture-2-pack-jbl06,574,433,https://cdn.shopify.com/s/files/1/0568/1132/3597/files/weht9sigznlb3sqebci1_600x600.jpg,13
Hot Wheels Boulevard Vehicle Alfa Romeo GTV6 3.0,JBL16,hot-wheels-boulevard-vehicle-jbl16,2102,2021,https://cdn.shopify.com/s/files/1/0568/1132/3597/files/kenrhiq3cmeo576ftg2z_600x600.jpg,6.5
Hot Wheels Premium Car Culture Japan Historics 4 Prince Skyline GT,HRV70,hot-wheels-car-culture-circuit-legends-hrv70,1140,997,https://cdn.shopify.com/s/files/1/0568/1132/3597/files/xddanpqx4okkydrvoepf_600x600.jpg,6.5
Hot Wheels Car Culture Japan Historics 4: '72 Toyota Corolla Levin,HRV69,hot-wheels-car-culture-circuit-legends-hrv69,118,0,https://cdn.shopify.com/s/files/1/0568/1132/3597/files/isayuy1u45ow9aglfe5n_600x600.jpg,6.5
Hot Wheels Car Culture Japan Historics 4: Mazda RX-3,HRV84,hot-wheels-car-culture-circuit-legends-hrv84,522,369,https://cdn.shopify.com/s/files/1/0568/1132/3597/files/k4yuuhpgnpimwc43y0eq_600x600.jpg,6.5
Hot Wheels Car Culture Circuit Legends 2020 Jeep Gladiator,HRV91,hot-wheels-car-culture-circuit-legends-hrv91,1530,1466,https://cdn.shopify.com/s/files/1/0568/1132/3597/files/pk0y57msydyhldh7lmsz_600x600.jpg,6.5
Hot Wheels Car Culture Circuit Legends Hummer H1,HRV90,hot-wheels-car-culture-circuit-legends-hrv90,1444,1374,https://cdn.shopify.com/s/files/1/0568/1132/3597/files/jllzurkbm1bqrcr2pl3q_600x600.jpg,6.5
Hot Wheels Car Culture Circuit Legends Mitsubishi Pajero Evolution,HRV89,hot-wheels-car-culture-circuit-legends-hrv89,1543,1466,https://cdn.shopify.com/s/files/1/0568/1132/3597/files/j6fv7oseor2fuopsmwqm_600x600.jpg,6.5
Hot Wheels Car Culture Circuit Legends Toyota Land Cruiser FJ60,HRV88,hot-wheels-car-culture-circuit-legends-hrv88,362,193,https://cdn.shopify.com/s/files/1/0568/1132/3597/files/wufkmguqmzgzgpz0lwkz_600x600.jpg,6.5
Car Culture Slide Street 2 2023 Nissan Z,HKC86,hot-wheels-premium-car-culture-slide-street-hkc86,1154,1040,https://cdn.shopify.com/s/files/1/0568/1132/3597/files/m4ux7hvs0iz4sjscult0_b5fe32f9-c976-4677-b990-1c68a1ab9544_600x600.jpg,6.5
Hot Wheels Car Culture Circuit Legends Alfa Romeo GTV 6 3.0,HRV80,hot-wheels-car-culture-circuit-legends-alfa-romeo-gtv-6-30-hrv80,1143,1091,https://cdn.shopify.com/s/files/1/0568/1132/3597/files/gmklkni1vgdwzqxosxtu_600x600.jpg,6.49
Hot Wheels Premium Car Culture 2-Pack Ford Bronco R &amp; '17 Ford F-150 Raptor,HRR77,hot-wheels-premium-car-culture-2-pack-hrr77,763,652,https://cdn.shopify.com/s/files/1/0568/1132/3597/files/eifnzsmepuoz0nrdeoe7_a3a81076-38a8-43d7-86dd-38fe76d4e635_600x600.jpg,13
Hot Wheels Elite 64 Porsche 928 Safari,HNJ58,hot-wheels-elite-64-porsche-928-safari-hnj58,41170,41034,https://cdn.shopify.com/s/files/1/0568/1132/3597/files/xobwzokkjdtwsqkrvo5w_8b0f970b-ad24-4eec-a925-6e0168e94443_600x600.jpg,20
Hot Wheels Car Culture Off Road Big-Air Bel-Air,HKC74,hot-wheels-car-culture-circuit-legends-vehicles-hkc74,377,319,https://cdn.shopify.com/s/files/1/0568/1132/3597/files/db5co7nqqqbdwbm8gl8q_600x600.jpg,6.5
Elite 64 Series Land Rover Defender 90 Pickup,HGW12,elite-64-series-land-rover-defender-90-pickup-hgw12,20969,20871,https://cdn.shopify.com/s/files/1/0568/1132/3597/files/HGW12_01_600x600.jpg,20
Hot Wheels Elite 64 Mod Shop 1982 Custom Toyota Land Cruiser FJ45 Troopy,HWR97,hot-wheels-elite-64-mod-shop-1982-custom-toyota-land-cruiser-hwr97,25359,20833,https://cdn.shopify.com/s/files/1/0568/1132/3597/files/ehekbrsegmztmm7v0bnj_600x600.jpg,37
Hot Wheels RacerVerse Marvel 2-Pack,HRN24,hot-wheels-racerverse-marvel-2-pack-hrn24,6627,6611,https://cdn.shopify.com/s/files/1/0568/1132/3597/files/kfy0bjr2zxouweynzyzy_600x600.jpg,28
RLC Exclusive Real Riders Wheels Pack - Set 3,HGK89,rlc-exclusive-real-riders-wheels-pack-set-3-hgk89,6841,6747,https://cdn.shopify.com/s/files/1/0568/1132/3597/products/nxlihuarwfmduzyghtyd_600x600.jpg,17.5
Star Wars Starships Select AT-ST With Chewbacca,HRL25,star-wars-starships-select-at-st-with-chewbacca-hrl25,207,74,https://cdn.shopify.com/s/files/1/0568/1132/3597/products/gxtpi7zukp6ztybalikj_dc318168-976a-407e-a3a9-91ec824bc7b7_600x600.jpg,21
Paul George Hot Wheels Circle Tracker,HPH63,paul-george-hot-wheels-circle-tracker-hph63,1200,1121,https://cdn.shopify.com/s/files/1/0568/1132/3597/products/fdlorctw6qounns1qqua_c83aa7be-c30d-4502-a3c8-f437d9e3337c_600x600.jpg,28
RLC Exclusive Real Riders Wheels Pack – Set 4,HGK90,rlc-exclusive-real-riders-wheels-pack-set-4-hgk90,2078,1913,https://cdn.shopify.com/s/files/1/0568/1132/3597/products/yfjvabrsgoxabhakkunm_600x600.jpg,14
RLC Exclusive Hot Wheels Decal Pack,HGK91,rlc-exclusive-hot-wheels-decals-pack-hgk91,3810,3771,https://cdn.shopify.com/s/files/1/0568/1132/3597/products/gdur6zguslzwog8a8ipx_f036f952-42a5-4125-915b-9fe91b04163d_600x600.jpg,10.5
Hot Wheels R/C The Batman 1:64 Scale Batmobile Vehicle,HBL43,hot-wheels-rc-the-batman-1-64-scale-batmobile-vehicle-hbl43,345,259,https://cdn.shopify.com/s/files/1/0568/1132/3597/products/keeilqrafpld6atyys4j_600x600.jpg,17.5
Hot Wheels Premium Car Culture Fast Wagons Subaru Forester STI,JBK87,hot-wheels-premium-car-culture-subaru-forrester-sti-jbk87,4000,3394,https://cdn.shopify.com/s/files/1/0568/1132/3597/files/270b5dfb6979332bc201dd6b95917b7d9ce7f56a_600x600.jpg,8
Hot Wheels Formula 1 Vehicle,JGN95,hot-wheels-f1-jgn95,2,0,https://cdn.shopify.com/s/files/1/0568/1132/3597/files/tro6y84lzay43n4ba7nt_dab64fec-bb8f-4fb5-b6b0-46266a06ad3b_600x600.jpg,25
RLC Exclusive 1995 BMW M3 LTW,JCP08,rlc-1995-bmw-m3-ltw-jcp08,37000,770,https://cdn.shopify.com/s/files/1/0568/1132/3597/files/iprbpkpmem5gtokkifdp_600x600.jpg,33
Hot Wheels &amp; F1 The Movie Vehicle,JMT03,hot-wheels-f1-the-movie-vehicle-jmt03,0,0,https://cdn.shopify.com/s/files/1/0568/1132/3597/files/a0ia3osnzbrqjfaebaa0_0cc33021-652c-469a-a270-a4515c242c2a_600x600.jpg,25
Hot Wheels F1 Series: MoneyGram Haas F1 Team VF-24 Car #20,JBM10,hot-wheels-f1-series-moneygram-haas-f1-team-vf-24-car-20-jbm10,0,0,https://cdn.shopify.com/s/files/1/0568/1132/3597/files/yzwxo7hhw9rq8hjuzndu_600x600.jpg,8
Hot Wheels F1 Series: Williams Racing FW46 Car #23,JBM15,hot-wheels-f1-series-williams-racing-fw46-car-23-jbm15,-1,-1,https://cdn.shopify.com/s/files/1/0568/1132/3597/files/PDP_JBM15_Williams_001_600x600.jpg,8
Hot Wheels F1 Series: Mercedes-AMG PETRONAS Formula One Team W15 Car #63,JBM18,hot-wheels-f1-series-mercedes-amg-petronas-formula-one-team-w15-car-63-jbm18,0,0,https://cdn.shopify.com/s/files/1/0568/1132/3597/files/aeduqjxk0bvnj0mjokpu_600x600.jpg,8
Hot Wheels F1 Series: McLaren Formula 1 Team MCL38 Car #4,JBM11,hot-wheels-f1-series-mclaren-formula-1-team-mcl38-car-4-jbm11,-5006,-5006,https://cdn.shopify.com/s/files/1/0568/1132/3597/files/hl71hya3ux4vv3vslwgg_600x600.jpg,8
Hot Wheels F1 Series: Visa Cash App RB Formula One Team VCARB 01 Car #30,JBM24,hot-wheels-f1-series-visa-cash-app-rb-formula-one-team-vcarb-01-car-30-jbm24,0,0,https://cdn.shopify.com/s/files/1/0568/1132/3597/files/pdct1nwxdwkxndxz9fwp_600x600.jpg,8
Hot Wheels F1 Series: Oracle Red Bull Racing RB20 Car #1,JBM12,hot-wheels-f1-series-oracle-red-bull-racing-rb20-car-1-jbm12,-6001,-6001,https://cdn.shopify.com/s/files/1/0568/1132/3597/files/f7oik8mqrhcbf8fnkhnc_600x600.jpg,8
Hot Wheels F1 Series: BWT Alpine F1 Team A524 Car #31,JBM09,hot-wheels-f1-alpine-24-esteban-ocon-jbm09,0,0,https://cdn.shopify.com/s/files/1/0568/1132/3597/files/jjtgserkxa0dvtynkgst_600x600.jpg,8
Hot Wheels F1 Series: Williams Racing FW46 Car #43,JBM20,hot-wheels-f1-series-williams-racing-fw46-car-43-jbm20,0,0,https://cdn.shopify.com/s/files/1/0568/1132/3597/files/PDP_JBM20_Williams_001_600x600.jpg,8
Hot Wheels F1 Series: Oracle Red Bull Racing RB20 Car #11,JBM19,hot-wheels-f1-series-oracle-red-bull-racing-rb20-car-11-jbm19,-1,-1,https://cdn.shopify.com/s/files/1/0568/1132/3597/files/yza1yk7dgc4ll8tdjdss_600x600.jpg,8
Hot Wheels F1 Series: Mercedes-AMG PETRONAS Formula One Team W15 Car #44,JBM16,hot-wheels-f1-series-mercedes-amg-petronas-formula-one-team-w15-car-44-jbm16,-5,-5,https://cdn.shopify.com/s/files/1/0568/1132/3597/files/bj6c3rozeyrcnb7x7jyi_600x600.jpg,8
Hot Wheels F1 Series: MoneyGram Haas F1 Team VF-24 Car #27,JBM22,hot-wheels-f1-series-moneygram-haas-f1-team-vf-24-car-27-jbm22,-2,-2,https://cdn.shopify.com/s/files/1/0568/1132/3597/files/gpwd5wf2iszzbso41yey_600x600.jpg,8
Hot Wheels F1 Series: McLaren Formula 1 Team MCL38 Car #81,JBM25,hot-wheels-f1-series-mclaren-formula-1-team-mcl38-car-81-jbm25,-3504,-3504,https://cdn.shopify.com/s/files/1/0568/1132/3597/files/llonigatmwq58ho3hb1y_600x600.jpg,8
Hot Wheels F1 Series: Stake F1 Team KICK Sauber C44 Car #77,JBM13,hot-wheels-f1-series-stake-f1-team-kick-sauber-c44-car-77-jbm13,-1,-1,https://cdn.shopify.com/s/files/1/0568/1132/3597/files/lqwyss696yvyqsyjhw3n_600x600.jpg,8
Hot Wheels F1 Series: BWT Alpine F1 Team A524 Car #10,JBM21,hot-wheels-f1-series-bwt-alpine-f1-team-a524-car-10-jbm21,0,0,https://cdn.shopify.com/s/files/1/0568/1132/3597/files/n3w2czq9py4ffbawbvkf_600x600.jpg,8
Hot Wheels F1 Series: Stake F1 Team KICK Sauber C44 Car #24,JBM23,hot-wheels-f1-series-stake-f1-team-kick-sauber-c44-car-24-jbm23,-1,-1,https://cdn.shopify.com/s/files/1/0568/1132/3597/files/djrby5susopiom2k653w_600x600.jpg,8
Hot Wheels F1 Series: Visa Cash App RB Formula One Team VCARB 01 Car #22,JBM14,hot-wheels-f1-series-visa-cash-app-rb-formula-one-team-vcarb-01-car-22-jbm14,0,0,https://cdn.shopify.com/s/files/1/0568/1132/3597/files/ofdmbwpslxnoimoiacep_600x600.jpg,8
Matchbox North American P-51 Mustang,HWX68,matchbox-north-american-p-51-mustang-hwx68,6329,6049,https://cdn.shopify.com/s/files/1/0568/1132/3597/files/jar9rnp3dgozvz8bu8cq_600x600.jpg,27
Matchbox 1996 Audi A4 Super Touring,HWX73,matchbox-1996-audi-a4-super-touring-hwx73,10777,10739,https://cdn.shopify.com/s/files/1/0568/1132/3597/files/vejhfzusbqdxcn7vtv0q_600x600.jpg,25
Matchbox 1975 Range Rover,HWX67,matchbox-1975-range-rover-hwx67,10524,10468,https://cdn.shopify.com/s/files/1/0568/1132/3597/files/ilimdqovjjxpkuouxux9_600x600.jpg,25
Matchbox 1979 Chevy Blazer,HWX77,1979-chevy-blazer-hwx77,8229,8187,https://cdn.shopify.com/s/files/1/0568/1132/3597/files/ckhdxlnvtsy6p86nav62_600x600.jpg,25
Matchbox 1995 Volkswagen Golf Harlequin,HWX70,matchbox-1995-volkswagen-golf-harlequin-hwx70,3906,3869,https://cdn.shopify.com/s/files/1/0568/1132/3597/files/mf268tyami2jhps0nepb_5acfe7b9-7649-44d7-b91f-7149300a44b9_600x600.jpg,25
Matchbox 1970 Datsun 510 Rally,HWX69,matchbox-70-datsun-510-rally-hwx69,18970,18953,https://cdn.shopify.com/s/files/1/0568/1132/3597/files/cmjfc0sbxxdxmxjbrz0p_0ae73c32-51a5-4b2d-88e2-14aeba3efc02_600x600.jpg,25
Matchbox Collectors Mercedes-Benz SLR McLaren,HLJ84,matchbox-collectors-mercedes-benz-slr-mclaren-hlj84,1544,1494,https://cdn.shopify.com/s/files/1/0568/1132/3597/files/hajxrmaaus0708stqin0_65f43c45-95a2-40be-8b43-7742c1a0b04d_600x600.jpg,25
Matchbox x MotorTrend 1949 Kurtis Sport Car,HWX72,matchbox-collector-motortrend-kurtis-sport-car-hwx72,8963,8947,https://cdn.shopify.com/s/files/1/0568/1132/3597/files/ft4eof2fbr6yctt7omhk_22588dbc-f9cb-4cce-a9cd-679ad4430b3e_600x600.jpg,30
Matchbox Collectors Mercedes-Benz Unimog Fire Truck,HLJ82,mercedes-benz-unimog-u-5020-fire-truck-hlj82,6855,6841,https://cdn.shopify.com/s/files/1/0568/1132/3597/products/is1crooucrzajdudgwhu_1a0e6703-d487-48d5-a86f-f1696e780685_600x600.jpg,25
Matchbox 2021 Ford Bronco,HLJ78,matchbox-2021-ford-bronco-hlj78,3274,3255,https://cdn.shopify.com/s/files/1/0568/1132/3597/products/uwjxcz7e7stttjfxh4hp_5e37a29b-a790-4b13-b065-47fbed2eddce_600x600.jpg,25
Matchbox Collectors Jeep Gladiator,HLJ76,matchbox-collectors-jeep-gladiator-hlj76,2328,2315,https://cdn.shopify.com/s/files/1/0568/1132/3597/products/goy2xlzjkxw1wvrqm90y_97bf9e11-cbe0-415d-9482-f079e4134a8f_600x600.jpg,25
Matchbox Collectors McLaren 720S Spider,HLJ83,matchbox-collectors-mclaren-720s-spider-hlj83,-159,-159,https://cdn.shopify.com/s/files/1/0568/1132/3597/products/jhxeplhjeikwm4r5jymt_eeae085d-c837-46c7-94dc-87c9094e06bf_600x600.jpg,25
Matchbox Collectors Coronation Gold State Coach,HWJ96,matchbox-collectors-gold-state-coach-hwj96,0,0,https://cdn.shopify.com/s/files/1/0568/1132/3597/files/HWJ96_PDP_1_600x600.jpg,60
Matchbox 1993 BMW E30 M3,HLJ80,matchbox-1993-bmw-e30-m3-hlj80,0,0,https://cdn.shopify.com/s/files/1/0568/1132/3597/files/aiqjpxh4cofvwv2t0rn5_c10e526f-dc60-46a7-a54c-18e29d34abac_600x600.jpg,25
Matchbox Lamborghini Centenario,GRJ34,matchbox-lamborghini-centenario-grj34,0,0,https://cdn.shopify.com/s/files/1/0568/1132/3597/files/GRJ34_01_600x600.jpg,25
Matchbox Porsche 911 RSR,HJW63,matchbox-porsche-911-rsr-hjw63,0,0,https://cdn.shopify.com/s/files/1/0568/1132/3597/files/qc4hrbqrnk17kj3raunn_600x600.jpg,25
Matchbox 1975 Mitsubishi Lancer Celeste,HLJ79,matchbox-1975-mitsubishi-lancer-celeste-hlj79,0,0,https://cdn.shopify.com/s/files/1/0568/1132/3597/products/lkafak9ablxv5pyelxsh_de1fdbad-e539-4f03-b5f2-c91918db2ad7_600x600.jpg,25
Matchbox ’80 Porsche 911 Turbo,HLJ85,matchbox-80-porsche-911-turbo-hlj85,0,0,https://cdn.shopify.com/s/files/1/0568/1132/3597/products/b2nmu9q2qsaxz9z76bxr_ba19014d-ef23-47de-92d6-7eff3eedf82b_600x600.jpg,25
Matchbox Mercedes-Benz G 580 With EQ Technology,HXM19,matchbox-mercedes-benz-g-580-with-eq-technology-hxm19,0,0,https://cdn.shopify.com/s/files/1/0568/1132/3597/files/HXM19_01_600x600.jpg,30
Matchbox 2019 Ram Ambulance,HLJ77,matchbox-2019-ram-ambulance-hlj77,0,0,https://cdn.shopify.com/s/files/1/0568/1132/3597/products/j6f0svuwjinzq77yabnn_bd228fe6-6300-40fb-aacf-a46932297082_600x600.jpg,25
Matchbox Tootsie Roll Divco Milk Truck,HJW62,matchbox-tootsie-roll-divco-milk-truck-hjw62,0,0,https://cdn.shopify.com/s/files/1/0568/1132/3597/products/chmecb7qitzsceaoopaw_592da8a7-92a7-446b-9fa3-54140b0c6208_600x600.jpg,25
Matchbox 1962 Plymouth Savoy,HLJ81,matchbox-1962-plymouth-savoy-hlj81,0,0,https://cdn.shopify.com/s/files/1/0568/1132/3597/products/qivvh6qvmhwtyvhspxn9_d5032d99-c8f0-4cdc-ac12-5cb94533c88c_600x600.jpg,25
Matchbox x Mr Brainwash 1964 Austin Mini Cooper S,JCK45,matchbox-x-mr-brainwash-1964-austin-mini-cooper-s-jck45,-9961,-9961,https://cdn.shopify.com/s/files/1/0568/1132/3597/files/gvm0zqs85upfuc8fbpw5_600x600.jpg,40
Mattel 80th Anniversary Hot Wheels Original 16 Rally Case Set,JCP66,mattel-80th-original-16-jcp66,0,-289,https://cdn.shopify.com/s/files/1/0568/1132/3597/files/as6eqcbalihnghp5aypa_600x600.jpg,550
RLC Exclusive RWB Porsche 930,JLJ20,rlc-porsche-930-jlj20,-29915,-29915,https://cdn.shopify.com/s/files/1/0568/1132/3597/files/gmtqaxnn8s6jjrmzzid3_600x600.jpg,38
"Hot Wheels Premium Car Culture 2-Pack, Lamborghini Countach LP5000 QV &amp; Lancia Stratos Zero",JBL02,hot-wheels-premium-car-culture-2-pack-jbl02,0,0,https://cdn.shopify.com/s/files/1/0568/1132/3597/files/57cbafd354322c9af4d271801debac9f62e7a2b0_600x600.jpg,13
Hot Wheels Boulevard Porsche 911 Carrera RS 2.7,JBL19,hot-wheels-boulevard-porche-911-carrera-rs-2-7-jbl19,0,0,https://cdn.shopify.com/s/files/1/0568/1132/3597/files/HWC_PDP_JBL19_PIP_FE_25_001_4LB_600x600.jpg,6.5
Hot Wheels Boulevard Vehicle '16 Bugatti Chiron,JBL30,hot-wheels-boulevard-vehicle-jbl30,55,0,https://cdn.shopify.com/s/files/1/0568/1132/3597/files/HWC_PDP_JBL30_PIP_FE_25_001_4LB_600x600.jpg,6.5
Hot Wheels RLC Koenigsegg Jesko Absolut,JCP27,rlc-2011-koenigsegg-jesko-r-jcp27,0,0,https://cdn.shopify.com/s/files/1/0568/1132/3597/files/zdg4d13iusppjk6etktv_600x600.jpg,38
Hot Wheels Back to the Future 40th Anniversary Set,JKG05,hot-wheels-back-to-the-future-40th-anniversary-set-jkg05,-14039,-14039,https://cdn.shopify.com/s/files/1/0568/1132/3597/files/dur9rzxuvuzrvgl2q2mg_600x600.jpg,32
Hot Wheels 50th Anniversary Jaws Set,JHY20,hot-wheels-50th-anniversary-jaws-set-jhy20,-8529,-8529,https://cdn.shopify.com/s/files/1/0568/1132/3597/files/vhmcsgn3bywtxqj1zbc4_600x600.jpg,32
Hot Wheels Legends Tour Team Transport 2-Pack Hauler &amp; Car,JFM93,hot-wheels-legends-tour-team-transport-hauler-toy-car-jfm93,0,0,https://cdn.shopify.com/s/files/1/0568/1132/3597/files/atwb7byicxfplrawlt2t_600x600.jpg,17
Hot Wheels Boulevard '60s Fiat 500 D Modificado,HRT65,hot-wheels-boulevard-vehicle-1-premium-164-scale-car-hrt65,0,0,https://cdn.shopify.com/s/files/1/0568/1132/3597/files/tcstgdvf084oln1evnkw_600x600.jpg,6.49
Hot Wheels Car Culture Circuit Legends '98 Toyota Altezza,HKC66,hot-wheels-car-culture-circuit-legends-98-toyota-altezza-hkc66,0,0,https://cdn.shopify.com/s/files/1/0568/1132/3597/files/vd2aczgrmvxn08qk64ic_600x600.jpg,6.5
Hot Wheels Premium Fast &amp; Furious Mercedes Benz 500 SEL,HRT94,hot-wheels-premium-fast-furious-car-hrt94,0,0,https://cdn.shopify.com/s/files/1/0568/1132/3597/files/dtralgunxqaw3mwfproz_600x600.jpg,6.5
Hot Wheels Premium Pop Culture Vehicle Mutts Cutts Van,HVJ35,hot-wheels-premium-vehicle-hvj35,0,0,https://cdn.shopify.com/s/files/1/0568/1132/3597/files/hab0th38rr4vk9dmdnm3_600x600.png,6.5
Hot Wheels Premium Pop Culture Thundercat Thunder Tank,HVJ53,hot-wheels-premium-vehicle-hvj53,0,0,https://cdn.shopify.com/s/files/1/0568/1132/3597/files/adue8iknnuutpwpow0tq_600x600.jpg,6.49
Hot Wheels Boulevard MBK Van,HRT67,hot-wheels-boulevard-vehicle-hrt67,0,0,https://cdn.shopify.com/s/files/1/0568/1132/3597/files/sztfhv9oqwd2xknts5du_600x600.jpg,6.5
Hot Wheels Premium Car Culture 2-Pack - '04 Mazda Mazdaspeed Miata &amp; Mazda RX7 FC Pandem,HRR75,hot-wheels-premium-car-culture-2-pack-hrr75,0,0,https://cdn.shopify.com/s/files/1/0568/1132/3597/files/yqphb8ynirvi68bnj79o_600x600.jpg,13
Hot Wheels Premium Collector Display Sets,HRT54,hot-wheels-premium-collector-display-sets-hrt54,0,0,https://cdn.shopify.com/s/files/1/0568/1132/3597/files/x8pzbvx6thrpc5jjacmg_600x600.jpg,33
Hot Wheels Car Culture Off Road 1993 Mercedes-Benz G-Class,HKC72,hot-wheels-car-culture-circuit-legends-vehicle-hkc72,0,0,https://cdn.shopify.com/s/files/1/0568/1132/3597/files/mtavbrhhhfi09wgwonr2_600x600.jpg,6.5
Hot Wheels Car Culture Off Road 2018 Toyota 4Runner,HKC73,hot-wheels-car-culture-circuit-legends-vehicles-hkc73,0,0,https://cdn.shopify.com/s/files/1/0568/1132/3597/files/wesxtzlaezawgnqtckb8_600x600.jpg,6.5
Hot Wheels Premium Fast &amp; Furious Car Toyota AE86 Sprinter Trueno,HVR61,hot-wheels-cars-premium-fast-furious-car-hvr61,0,0,https://cdn.shopify.com/s/files/1/0568/1132/3597/files/ha0jvtaox42zgdxzthqx_600x600.jpg,6.5
Hot Wheels Premium Pop Culture Custom '71 Datsun 240Z (&quot;Rotsun&quot;),HKC37,hot-wheels-premium-toy-car-hkc37,0,0,https://cdn.shopify.com/s/files/1/0568/1132/3597/files/iyasho9zk0qu8syyaak2_600x600.png,6.5
Hot Wheels Premium Car Culture Speed Machines Container Set,HKD98,hot-wheels-premium-car-culture-speed-machines-container-set-of-5-cars-hkd98,0,0,https://cdn.shopify.com/s/files/1/0568/1132/3597/files/p5z3ziof0eybkb191rry_600x600.jpg,38
RLC Exclusive 1976 Volkswagen Golf Mk1 GTI,JCP07,rlc-exclusive-1976-volkswagen-golf-mk1-jcp07,-33848,-33848,https://cdn.shopify.com/s/files/1/0568/1132/3597/files/tlzxrjmrnxoocnmyyijl_600x600.jpg,28
RLC Exclusive Custom ’72 Datsun 240Z,JCP26,hot-wheels-rlc-custom-72-datsun-240z-jcp26,2,0,https://cdn.shopify.com/s/files/1/0568/1132/3597/files/fwfuasr0dl77llkhsxa0_600x600.jpg,28
Hot Wheels Premium Pop Culture G.I. JOE Combat Jet Skystriker,JBL77,hot-wheels-premium-pop-culture-jbl77,0,0,https://cdn.shopify.com/s/files/1/0568/1132/3597/files/5b8225e68ba8c4a1dfd89895547b247417029e9e_600x600.jpg,6.5
Hot Wheels Boulevard Datsun 510 Wagon,JBL21,hot-wheels-boulevard-datsun-510-wagon-jbl21,0,0,https://cdn.shopify.com/s/files/1/0568/1132/3597/files/9e03388b070a6e0f45c16c1ab1afcb0b2a4cc845_600x600.jpg,6.5
Hot Wheels Premium Car Culture Fast Wagons Mercedes-Benz E 36 AMG 36,JBK69,hot-wheels-premium-car-culture-jbk69,0,0,https://cdn.shopify.com/s/files/1/0568/1132/3597/files/myro6pquh3s7bueptlmf_600x600.jpg,6.5
Hot Wheels Premium Car Culture Fast Wagons Audi RS 6 Avant,JBK51,hot-wheels-premium-car-culture-fast-wagons-jbk51,0,0,https://cdn.shopify.com/s/files/1/0568/1132/3597/files/HWC_PDP_JBK51_PIP_FE_25_001_4LB_600x600.jpg,6.5
RLC Exclusive 1998 Subaru 22B-STi,JCP09,hot-wheel-rlc-1998-subaru-impreza-wrx-sti-jcp09,672,-1909,https://cdn.shopify.com/s/files/1/0568/1132/3597/files/p0ydhg5ozyurb69yrx5q_600x600.jpg,27
Hot Wheels RLC Exclusive 1990 Chevy 454 SS,JCP12,rlc-1990-chevy-454ss-jcp12,-30061,-30061,https://cdn.shopify.com/s/files/1/0568/1132/3597/files/ni1ouzmg133ryjthzl7g_600x600.jpg,27
RLC Exclusive sELECTIONs 1968 Custom Plymouth Barracuda,JCP17,rlc-selections-1-jcp17,-20544,-20544,https://cdn.shopify.com/s/files/1/0568/1132/3597/files/mzndkzswkellug5lzrrp_600x600.jpg,27
Hot Wheels Boulevard '91 BMW M5,JBL24,hot-wheels-premium-boulevard-vehicle-jbl24,0,0,https://cdn.shopify.com/s/files/1/0568/1132/3597/files/9bfbccdaece6cfd05f29b79164597882027dda09_600x600.jpg,6.5
"Hot Wheels Premium Collector Display Sets, 3 Cars &amp; 1 Transporter",JBM06,hot-wheels-premium-collector-display-sets-jbm06,0,0,https://cdn.shopify.com/s/files/1/0568/1132/3597/files/m6n62lkmrjhvid1mxfdh_600x600.jpg,33
Hot Wheels Premium Car Culture 2-Pack BMW 320 Group 5 &amp; 2001 BMW M3 GTR,JBK99,hot-wheels-premium-car-culture-2-pack-jbk99,0,0,https://cdn.shopify.com/s/files/1/0568/1132/3597/files/6c5db18da567247632ac6de4f615850cea4f2a8d_600x600.jpg,13
RLC Exclusive 2022 Ford Mustang Shelby GT500 Code Red,HWF05,hot-wheels-rlc-22-ford-mustang-hwf05,-509,-509,https://cdn.shopify.com/s/files/1/0568/1132/3597/files/vwczptypyzzxxp9p0hgm_600x600.jpg,25
Hot Wheels Car Culture Circuit Legends '71 Porsche 911,HKC80,hot-wheels-car-culture-circuit-legends-71-porsche-911-hkc80,0,0,https://cdn.shopify.com/s/files/1/0568/1132/3597/files/x1povngbvi5if6ocscma_600x600.jpg,6.5
RLC Exclusive 2024 Hot Wheels Super Treasure Hunt Set,HWX38,rlc-exclusive-2024-super-treasure-hunt-set-hwx38,0,0,https://cdn.shopify.com/s/files/1/0568/1132/3597/files/bxnryofuvtk8s12nj99c_600x600.jpg,250
RLC Exclusive Porsche 959,HWF18,rlc-porsche-959-hwf18,0,-246,https://cdn.shopify.com/s/files/1/0568/1132/3597/files/HWC_PDP_RLC-Porsche-959_HWF18_W_24_5139_600x600.jpg,25
RLC Exclusive 1969 Chevy C-10,HWF22,hot-wheels-rlc-1969-chevy-c-truck-hwf22,-3,-3,https://cdn.shopify.com/s/files/1/0568/1132/3597/files/jm0vnodwfewkrwnx7ym6_600x600.jpg,30
Hot Wheels RLC 1997 Toyota Supra,HWF07,hot-wheels-rlc-1997-toyota-supra-hwf07,-27,-27,https://cdn.shopify.com/s/files/1/0568/1132/3597/files/y1vdbmqwhrznjj8e2ynq_600x600.jpg,25
RLC sELECTIONs Volkswagen Drag Bus,HWF24,rlc-selections-volkswagen-drag-bus-hwf24,0,0,https://cdn.shopify.com/s/files/1/0568/1132/3597/files/itxxhb0zheuu0sjq5lhq_180e351e-172a-4c10-b61d-3a6913bb94e6_600x600.jpg,25
Hot Wheels RLC '71 Datsun 510,HWF23,rlc-datsun-510-hwf23,-1,-1,https://cdn.shopify.com/s/files/1/0568/1132/3597/files/HWF23_01_600x600.jpg,30
RLC Exclusive 1975 Chevrolet Monte Carlo,HWF19,rlc-75-chevy-monte-carlo-hwf19,-3,-3,https://cdn.shopify.com/s/files/1/0568/1132/3597/files/HWF19_01_600x600.jpg,30
RLC Exclusive 1970 Ford Mustang Boss 302,HWF17,rlc-ford-mustang-boss-302-hwf17,-1,-1,https://cdn.shopify.com/s/files/1/0568/1132/3597/files/HWF17_01_600x600.jpg,25
RLC Exclusive 1992 GMC Typhoon,HWF06,hot-wheels-rlc-92-gmc-typhoon-hwf06,0,0,https://cdn.shopify.com/s/files/1/0568/1132/3597/files/j5iqkwrna84uh49f2byt_d7b6c2d4-cab3-4f64-96ef-e72ee489bf4e_600x600.jpg,25
Hot Wheels RLC Exclusive ’61 Lincoln Continental,HMY24,hot-wheels-rlc-1961-lincoln-continental-convertible-hmy24,-2,-2,https://cdn.shopify.com/s/files/1/0568/1132/3597/files/HMY24_01_600x600.jpg,35
RLC Exclusive 1993 Mazda RX-7 R1 Twin Turbo,HWF04,hot-wheels-rlc-1993-mazda-rx-7-r1-hwf04,0,0,https://cdn.shopify.com/s/files/1/0568/1132/3597/files/HWF04_W_24_438_600x600.jpg,25
Hot Wheels 85th Anniversary Batmobile Collection,JBX17,hot-wheels-85th-anniversary-batmobile-collection-jbx17,-8,-8,https://cdn.shopify.com/s/files/1/0568/1132/3597/files/d0uyjrw4jaf0qoykl8ja_600x600.jpg,50
RLC Exclusive 1964 Chevy Impala SS,HWF20,hot-wheels-rlc-1964-chevrolet-impala-hwf20,0,0,https://cdn.shopify.com/s/files/1/0568/1132/3597/files/HWF20_01_600x600.jpg,30
Hot Wheels Mobil 1 Porsche Dirtmeister 944,HWF10,hot-wheels-mobil-1-porsche-dirtmeister-944-hwf10,0,0,https://cdn.shopify.com/s/files/1/0568/1132/3597/files/HWF10_Porsche_Dirtmeister_RLC_001_600x600.jpg,20
RLC Exclusive 1964 Mercedes-Benz 600,HWF12,hot-wheels-rlc-1964-mercedes-benz-600-hwf12,2601,876,https://cdn.shopify.com/s/files/1/0568/1132/3597/files/dmewh3o3l1pr14tkbb1l_600x600.jpg,37
Hot Wheels Team Transport Truck &amp; Race Vehicle,FLF56E,hot-wheels-team-transport-truck-race-vehicle-flf56e,0,0,https://cdn.shopify.com/s/files/1/0568/1132/3597/files/zz3yg7ftxbnqhq6eudx0_600x600.jpg,68
RLC Exclusive 1969 Dodge Charger R/T,JCP32,hot-wheels-rlc-1969-dodge-charger-rt-jcp32,-27559,-27559,https://cdn.shopify.com/s/files/1/0568/1132/3597/files/HW_RLC_PDP_Dodge_Charger_JCP32_PS_25_0461_600x600.jpg,28
Hot Wheels Elite 64 Scania 770 S,HWR95,hot-wheels-elite64-scania-770-s-tractor-trailer-hwr95,0,-113,https://cdn.shopify.com/s/files/1/0568/1132/3597/files/uzrdfupls8dtidbpuet4_600x600.jpg,55
Hot Wheels Premium Car Culture Collectible Porsche 930 RWB,JBK58,hot-wheels-premium-porsche-930-rwb-jbk58,0,0,https://cdn.shopify.com/s/files/1/0568/1132/3597/files/cigj79jdzlur9vybbr7a_600x600.jpg,6.5
Hot Wheels x Ferrari Heritage Set,JDK37,hot-wheels-x-ferrari-heritage-set-jdk37,724,-1794,https://cdn.shopify.com/s/files/1/0568/1132/3597/files/HWC_PDP_RAP-Rosso_JCP65_PS_25_0549_600x600.jpg,100
Hot Wheels Premium Car Culture 2-Pack '96 NISSAN 180SX TYPE X &amp; NISSAN SilEighty,JBK96,hot-wheels-premium-car-culture-2-pack-jbk96,0,0,https://cdn.shopify.com/s/files/1/0568/1132/3597/files/hvjwapjoa9alnca1p42f_600x600.jpg,13
Hot Wheels Premium Car Culture Silhouettes LB-ER34 Super Silhouette Nissan Skyline,JBK59,hot-wheels-premium-car-culture-silhouettes-lb-er34-nissan-skyline-jbk59,0,0,https://cdn.shopify.com/s/files/1/0568/1132/3597/files/JBK59_PIP_FE_25_001_4LB_600x600.jpg,6.5
2022 Car Culture Mix 5: Jay Leno’s Garage Case Pack,HFF45,2022-car-culture-mix-5-jay-lenos-garage-case-pack-hff45,0,0,https://cdn.shopify.com/s/files/1/0568/1132/3597/products/y9ulojxagzn2l2ktwvys_6735b28e-0a60-4dc4-8ae4-9c2ae3a56a50_600x600.jpg,38
2022 Hot Wheels Premium Car Culture Mix 4: Exotic Envy,HFF42,hot-wheels-premium-car-culture-speed-machines-5-pack-of-toy-cars-hhf42,0,0,https://cdn.shopify.com/s/files/1/0568/1132/3597/files/dtkj3orcfldnra2xikpz_600x600.jpg,38
2022 PREMIUM COLLECTOR SET 3: BMW M TEAM,GMH39L,2022-premium-collector-set-3-bmw-m-team-gmh39l,0,0,https://cdn.shopify.com/s/files/1/0568/1132/3597/products/p5iyyyh44t14sqibh8qq_aedabec7-497f-4c25-8e79-a2f14a645e43_600x600.jpg,30
2022 Hot Wheels Car Culture Mix 3: Mountain Drifters Case Pack,HFF43,2022-car-culture-mix-3-mountain-drifters-case-pack-hff43,0,0,https://cdn.shopify.com/s/files/1/0568/1132/3597/products/wgpibdnuxnww1q0pvigb_5b08d8eb-22b6-4141-ab53-4776c28c8850_600x600.jpg,35
2022 Premium Collector Set 2: Exotic Hypercars,GMH39K,2022-premium-collector-set-2-exotic-hypercars-gmh39k,0,0,https://cdn.shopify.com/s/files/1/0568/1132/3597/products/p5x58kbhwacafibj7egs_658630ba-c41f-4d55-852a-be4c686af6de_600x600.jpg,30
2022 Hot Wheels Car Culture Mix 2: Deutschland Design Case Pack,HFF41,2022-hot-wheels-car-culture-mix-2-deutschland-design-case-pack-hff41,0,0,https://cdn.shopify.com/s/files/1/0568/1132/3597/products/j8xlbqzbwaxe5l1zioqp_600x600.jpg,38
RLC Exclusive 1995 Honda Integra Type R,JCP06,hot-wheels-rlc-exclusive-1995-honda-integra-type-r-jcp06,448,-499,https://cdn.shopify.com/s/files/1/0568/1132/3597/files/lowl14r0bxtb0sb08pku_600x600.jpg,27
Hot Wheels Premium Car Culture Silhouettes Mazda RX7 FC Pandem,JBK60,hot-wheels-premium-car-culture-silhouettes-mazda-rx7-fc-pandem-jbk60,0,0,https://cdn.shopify.com/s/files/1/0568/1132/3597/files/JBK60_PIP_FE_25_001_4LB_600x600.jpg,6.5
Hot Wheels Boulevard Porsche 935 Vehicle,JBL17,hot-wheels-boulevard-vehicle-jbl17,0,0,https://cdn.shopify.com/s/files/1/0568/1132/3597/files/dkor6jicvs2o8ppz87aj_600x600.jpg,6.5
Hot Wheels Boulevard Lancia Delta Integralle Vehicle,JBL18,hot-wheels-boulevard-vehicle-jbl18,0,0,https://cdn.shopify.com/s/files/1/0568/1132/3597/files/wq59xvkfbawrnymnw2in_600x600.jpg,6.5
Hot Wheels Elite 64 Porsche 911 GT2 EVO 993,HWR94,hot-wheels-elite64-porsche-911-gt2-evo-993-hwr94,0,0,https://cdn.shopify.com/s/files/1/0568/1132/3597/files/cifih4bnqjsxioy0rboy_600x600.jpg,20
RLC Exclusive 1986 Porsche 959,JCP15,hot-wheels-rlc-exclusive-porsche-959-jcp15,0,-211,https://cdn.shopify.com/s/files/1/0568/1132/3597/files/mcpwmukkjn7c2pj7txot_600x600.jpg,32
Hot Wheels RLC 2006 BMW M3,JCP11,hot-wheels-rlc-2006-bmw-m3-jcp11,1840,0,https://cdn.shopify.com/s/files/1/0568/1132/3597/files/xhlke0yyedbxd8df5xeh_600x600.jpg,27
Hot Wheels Premium Car Culture Silhouettes LB-Works McLaren 720S,JBK47,hot-wheels-premium-car-culture-silhouettes-lb-works-mclaren-720s-jbk47,0,0,https://cdn.shopify.com/s/files/1/0568/1132/3597/files/JBK47_PIP_FE_25_001_21A_600x600.jpg,6.5
RLC Exclusive 1985 Audi Sport quattro S1,HWF08,hot-wheels-rlc-1985-audi-sport-quattro-s1-hwf08,1440,0,https://cdn.shopify.com/s/files/1/0568/1132/3597/files/ydnyecgciekkenqgio30_600x600.jpg,27
RLC Exclusive 2024 Hot Wheels Factory-Sealed Set,HTG01,rlc-exclusive-2024-hot-wheels-factory-sealed-set-htg01,-1036,-1036,https://cdn.shopify.com/s/files/1/0568/1132/3597/files/b8533a804227eee803ba8b7c08c406c3fd70570a_600x600.jpg,600
MEGA Showcase Hot Wheels Bone Shaker Building Set,HRY17,mega-showcase-hot-wheels-bone-shaker-hry17,0,0,https://cdn.shopify.com/s/files/1/0568/1132/3597/files/lmzvwigpukxkpdlcm254_600x600.jpg,20.99
Hot Wheels Premium Car Culture Japan Historics 4 Nissan Fairlady Z,HRV86,hot-wheels-car-culture-circuit-legends-hrv86,0,0,https://cdn.shopify.com/s/files/1/0568/1132/3597/files/z4xlddjqztwtumhgqnak_600x600.jpg,6.5
Hot Wheels Car Culture Circuit Legends BMW 320 Group 5,HRV94,hot-wheels-car-culture-circuit-legends-vehicle-hrv94,0,0,https://cdn.shopify.com/s/files/1/0568/1132/3597/files/o5agtb2zigj3ulyez3j6_600x600.jpg,6.5
Hot Wheels Car Culture Japan Historics 4: '73 Honda Civic Custom,HRV85,hot-wheels-car-culture-circuit-legends-hrv85,0,0,https://cdn.shopify.com/s/files/1/0568/1132/3597/files/a5hpbfqlwuhxho4symyz_600x600.jpg,6.5
Hot Wheels x Daniel Arsham Complete Car and Rally Case Set,JKJ11,hot-wheels-arsham-bundle-jkj11,0,0,https://cdn.shopify.com/s/files/1/0568/1132/3597/files/ceh50nngmcjwtem1rj1m_600x600.jpg,690
RLC Exclusive 2021 Pagani Huayra R,HWF21,rlc-exclusive-2021-pagani-huayra-r-hwf21,0,0,https://cdn.shopify.com/s/files/1/0568/1132/3597/files/qb5gvo5cj1q5yi4lmjih_600x600.jpg,30
RLC Exclusive sELECTIONs Nissan Skyline GT-R (BNR34),HWF25,hot-wheels-selections-car-2-hwf25,-98991,-98991,https://cdn.shopify.com/s/files/1/0568/1132/3597/files/dtf9iclbzmeri3hplnfl_600x600.jpg,25
Hot Wheels Premium Car Culture 2-Pack '94 Nissan Primera &amp; Nissian R390 GTI,HRR74,hot-wheels-premium-car-culture-2-pack-hrr74,0,0,https://cdn.shopify.com/s/files/1/0568/1132/3597/files/fmeqp0cc70clx3xyjddz_600x600.jpg,13
Hot Wheels Car Culture Japan Historics 4 Container Set,HRW84,hot-wheels-premium-car-culture-japan-historics-4-container-set-hrw84,0,0,https://cdn.shopify.com/s/files/1/0568/1132/3597/files/iohprfxaix4m4zaodd6p_600x600.jpg,37.99
Hot Wheels Boulevard Meyers Manx,HRT57,hot-wheels-boulevard-vehicle-hrt57,991,680,https://cdn.shopify.com/s/files/1/0568/1132/3597/files/rf9roludro2bv15cgksf_600x600.jpg,6.5
Hot Wheels Boulevard Mitsubishi 3000GT VR-4,HRT68,hot-wheels-boulevard-vehicle-hrt68,0,0,https://cdn.shopify.com/s/files/1/0568/1132/3597/files/bgqj4av6ctgbf0tuhote_600x600.jpg,6.5
Hot Wheels Elite 64 Freightliner Cascadia,HNJ63,hot-wheels-elite-64-freightliner-cascadia-hnj63,-29751,-29751,https://cdn.shopify.com/s/files/1/0568/1132/3597/files/HW_PDP_HNJ63_Elite_64_CascadiaHW_PDP_HNJ63_Elite_64_Cascadia_HNJ63_W_24_079_FULL_IMAGE_600x600.jpg,50
RLC Exclusive Nissan Skyline GT-R BNR34,HWF14,hot-wheels-rlc-nissan-skyline-gt-r-r34-hwf14,-317,-317,https://cdn.shopify.com/s/files/1/0568/1132/3597/files/HWF14_W_24_149_600x600.jpg,25
RLC Exclusive ’71 AMC Javelin AMX,HMY23,rlc-exclusive-71-amc-javelin-amx-hmy23,-205,-205,https://cdn.shopify.com/s/files/1/0568/1132/3597/products/gcnbiad3qxb0w4p90sjc_4f6b098d-9967-49f9-97c9-7b7df66094dc_600x600.jpg,25
HWC Elite 64 Series Mercedes-Benz 300 SL,HNG51,hwc-elite-64-series-mercedes-benz-300-sl-hng51,-107,-107,https://cdn.shopify.com/s/files/1/0568/1132/3597/products/pw3trnqiaboesywlmwfb_600x600.jpg,20
RLC Exclusive 1995 Honda Integra TYPE R,HWF15,hot-wheels-rlc-1995-honda-integra-type-r-hwf15,-435,-435,https://cdn.shopify.com/s/files/1/0568/1132/3597/files/HWF15_01_600x600.jpg,25
RLC Exclusive 1986 Porsche 959,HGK85,rlc-exclusive-1986-porsche-959-hgk85,0,0,https://cdn.shopify.com/s/files/1/0568/1132/3597/products/xhdqezgt2ybhzdptywql_600x600.jpg,25
2021 RLC Membership Car Kit,HWRLC2021,2021-rlc-membership-car-kit-hwrlc2021,0,0,https://cdn.shopify.com/s/files/1/0568/1132/3597/products/nf62vmhor0gycapvmdxk_600x600.png,20
Hot Wheels Transformers Optimus Prime,HXT02,hot-wheels-transformers-optimus-prime-hxt02,-608,-608,https://cdn.shopify.com/s/files/1/0568/1132/3597/files/bsbbulkn5x0clpnxcfin_2132d467-3d69-4cbf-beee-d8ca598b60c6_600x600.jpg,80
Hot Wheels RLC 1986 Nissan 720 King Cab,HMY26,hot-wheels-rlc-1986-nissan-720-king-cab-hmy26,-578,-578,https://cdn.shopify.com/s/files/1/0568/1132/3597/files/HMY26_W_24_162_ab0137e2-d838-41a8-b2d2-dcd999cc340b_600x600.jpg,35
RLC Exclusive ‘21 Pagani Huayra R,HMY25,hot-wheels-rlc-21-pagani-huayra-r-hmy25,-174,-174,https://cdn.shopify.com/s/files/1/0568/1132/3597/files/HMY25_01_600x600.jpg,30
RLC Exclusive Pink Edition 1993 Ford Mustang Cobra R,HWF29,rlc-exclusive-pink-edition-1993-ford-mustang-hwf29,-1237,-1237,https://cdn.shopify.com/s/files/1/0568/1132/3597/files/HWF29_01_600x600.jpg,28
Hot Wheels RLC Mercedes-AMG G 63 4x4² ,HMY21,hot-wheels-rlc-mercedes-amg-g-63-4x42-hmy21,-742,-742,https://cdn.shopify.com/s/files/1/0568/1132/3597/files/HMY21_PS_24_480_600x600.jpg,25
Hot Wheels RLC 1972 Skyline H/T 2000GT-R,HNL24,hot-wheels-rlc-1972-skyline-ht-2000gt-r-hnl24,-3696,-3696,https://cdn.shopify.com/s/files/1/0568/1132/3597/files/kj0rhl5d5vejnpilmd9h_600x600.jpg,25
RLC Exclusive McLaren F1,HGK75,rlc-mclaren-f1-hgk75,-450,-450,https://cdn.shopify.com/s/files/1/0568/1132/3597/files/HGK75_01_600x600.jpg,35
RLC Exclusive 2023 Hot Wheels Super Treasure Hunt Set,HNL32,hot-wheels-rlc-treasure-hunt-set-hnl32,-587,-587,https://cdn.shopify.com/s/files/1/0568/1132/3597/products/oomcvt9co1jret98gjhd_7b64ba6c-5a92-4c5a-a477-36db99304a35_600x600.jpg,250
RLC Exclusive sELECTIONs 1972 Nissan Skyline H/T 2000GT-R,HNL30,rlc-exclusive-selections-1972-nissan-skyline-ht-2000gt-r-hnl30,-303,-303,https://cdn.shopify.com/s/files/1/0568/1132/3597/products/w2gapl5gbxttcvqatwd6_0101ee01-4cc3-4c4a-9ff8-8be74c9a27b8_600x600.jpg,25
Hot Wheels x Run The Jewels x Volcom '87 Buick Regal GNX,HTT70,hot-wheels-x-run-the-jewels-x-volcom-87-buick-regal-gnx-htt70,-268,-268,https://cdn.shopify.com/s/files/1/0568/1132/3597/products/fht3onmsuio0pmggwuii_a22fc2ae-e7c5-4169-9124-7ef4164bc949_600x600.jpg,35
Elite 64 Series LBWK Lamborghini Aventador LP 700-4,HGW14,elite-64-series-lbwk-lamborghini-aventador-lp-700-4-hgw14,-138,-138,https://cdn.shopify.com/s/files/1/0568/1132/3597/products/ssgwsfc4ppi9jnobhx21_5c456e4c-4502-48ec-aef1-9df9cb59e470_600x600.jpg,20
RLC Exclusive sELECTIONs Kawa-Bug-A,HNL29,rlc-exclusive-selections-kawa-bug-a-hnl29,-324,-324,https://cdn.shopify.com/s/files/1/0568/1132/3597/files/i6fnyjnjakmpsmcz7lwy_600x600.jpg,30
RLC Exclusive 1971 De Tomaso Mangusta,HNL22,rlc-exclusive-1971-de-tomaso-mangusta-hnl22,-11,-11,https://cdn.shopify.com/s/files/1/0568/1132/3597/files/jcnxbkigb7xoizna3nvi_600x600.jpg,30
RLC Exclusive 2022 Mainline Factory-Sealed Set,HCW16,rlc-exclusive-2022-mainline-factory-sealed-set-hcw16,-51,-51,https://cdn.shopify.com/s/files/1/0568/1132/3597/products/oh5nhik00oggk5dd7wlu_ec8b02d2-a66e-4ec2-b090-d0ed3f06162c_600x600.jpg,600
Hot Wheels RLC 1969 Chevy Camaro SS,HWF32,hot-wheels-rlc-exclusive-1969-chevy-camaro-ss-hwf32,-32363,-32363,https://cdn.shopify.com/s/files/1/0568/1132/3597/files/ei9dwju9xiecdjvsxxog_a3a43c4f-ad18-44ea-b4d8-cb48ae69f527_600x600.jpg,28
Hot Wheels x MSCHF Not Wheels,HWV25,mattel-creations-x-mschf-hot-wheels-not-wheels-vehicle-hwv25,-17066,-17066,https://cdn.shopify.com/s/files/1/0568/1132/3597/files/d5gj2kqswyzlqsnkq9k5_7e2ae279-dffe-4f2a-8e81-f8fcc1a8f231_600x600.jpg,30
Hot Wheels Car Culture World Tour Volkswagen Golf MK7,HRV79,hot-wheels-car-culture-circuit-legends-volkswagen-golf-mk7-hrv79,0,0,https://cdn.shopify.com/s/files/1/0568/1132/3597/files/HRV79_PIP_FE_24_001_4LB_600x600.jpg,6.5
Hot Wheels Car Culture Circuit Legends Volkswagen Brasilia T9678,HRV82,hot-wheels-car-culture-circuit-legends-hrv82,0,0,https://cdn.shopify.com/s/files/1/0568/1132/3597/files/HRV82_PIP_FE_24_001_21A_600x600.jpg,6.49
Hot Wheels Wrangler ’85 Ford Bronco,HYP66,hot-wheels-wrangler-85-ford-bronco-hyp66,0,0,https://cdn.shopify.com/s/files/1/0568/1132/3597/files/rlqn9drcibzcbecgkgnv_ed1f993c-e41e-44a9-9f55-d152b802735a_600x600.jpg,30
Hot Wheels STAR WARS Starships Select Royal Naboo Starship,JBG50,hot-wheels-star-wars-royal-naboo-starship-jbg50,0,0,https://cdn.shopify.com/s/files/1/0568/1132/3597/files/jkfqdejnqt689fryiy06_600x600.jpg,30
Hot Wheels Car Culture Slide Street 2 2018 Ford Mustang RTR Spec 5,HKC85,hot-wheels-car-culture-circuit-legends-ford-mustang-rtr-hkc85,0,0,https://cdn.shopify.com/s/files/1/0568/1132/3597/files/wx7orpfl5oh85qikuu4b_600x600.jpg,6.5
Hot Wheels Premium Fast &amp; Furious Toyota Land Cruiser FJ43,HRT96,hot-wheels-cars-premium-fast-furious-hrt96,0,0,https://cdn.shopify.com/s/files/1/0568/1132/3597/files/en5yzgkzeaouzzs1kdtu_600x600.jpg,6.5
RLC Exclusive ’55 Mercedes-Benz 300 SL,HNL27,rlc-exclusive-55-mercedes-benz-300-sl-hnl27,0,0,https://cdn.shopify.com/s/files/1/0568/1132/3597/files/yl8jsdtq015amhsovcmr_600x600.jpg,30
Hot Wheels Car Culture Circuit Legends McLaren F1,HKC77,hot-wheels-car-culture-circuit-legends-mclaren-f1-hkc77,0,0,https://cdn.shopify.com/s/files/1/0568/1132/3597/files/pzodntelta8vowjdzi1w_600x600.jpg,6.5
Hot Wheels Display Case,GJT19,hot-wheels-display-case-gjt19,0,0,https://cdn.shopify.com/s/files/1/0568/1132/3597/products/f9ru19ykzrparyictnaz_600x600.jpg,60
Hot Wheels DC Batman 1st Appearance Batmobile™,HDB11,hot-wheels-dc-batman-1st-appearance-batmobile-hbd11,0,0,https://cdn.shopify.com/s/files/1/0568/1132/3597/products/icar19krh8ln7j9i44cc_776c0057-a108-4f66-8a71-aea062b155f4_600x600.png,20
HOT WHEELS STAR WARS Green DARTH VADER,HDB10,hot-wheels-star-wars-green-darth-vader-hbd10,0,0,https://cdn.shopify.com/s/files/1/0568/1132/3597/products/hh69hcpd5acvbb6ab3qa_c51d309b-b3e9-442d-9e0f-2f5fee6fefaf_600x600.jpg,20
RLC Exclusive 2023 Mainline Factory-Sealed Set,HKL75,rlc-exclusive-2023-mainline-factory-sealed-set-hkl75,0,0,https://cdn.shopify.com/s/files/1/0568/1132/3597/products/hdnbgg0tv0imziz2hibj_600x600.jpg,600
RLC Exclusive 1995 Honda Integra Type R,HMY22,rlc-exclusive-1995-honda-integra-type-r-hmy22,0,0,https://cdn.shopify.com/s/files/1/0568/1132/3597/products/bd7bnlmmmshnj5tz6jqn_f86bcc5b-9b36-42c4-8b6e-3d35d62c394a_600x600.jpg,25
RLC Exclusive Magnus Walker “Urban Outlaw” Porsche 964,HNL26,rlc-exclusive-magnus-walker-urban-outlaw-porsche-964-hnl26,0,0,https://cdn.shopify.com/s/files/1/0568/1132/3597/products/pmswo3z7q6pii8u2ynpn_91ac0dde-51cf-4388-9a5a-a81cef439a49_600x600.jpg,25
RLC Exclusive 1986 Porsche 959,HNL18,rlc-exclusive-1986-porsche-959-hnl18,0,0,https://cdn.shopify.com/s/files/1/0568/1132/3597/products/lcu9t5sknwjxe0aqjiqh_600x600.jpg,25
RLC Exclusive Pink Edition 1962 Ford F100,HNL11,rlc-exclusive-pink-edition-1962-ford-f100-hnl11,0,0,https://cdn.shopify.com/s/files/1/0568/1132/3597/products/stss6sqdmfgnt1ujd2mh_d1c01807-de7d-4320-99d3-bee34ee1d3da_600x600.jpg,30
RLC Exclusive 1969 Dodge Charger R/T,HNL23,rlc-exclusive-1969-dodge-charger-rt-hnl23,0,0,https://cdn.shopify.com/s/files/1/0568/1132/3597/files/osogyihxo0q3u8gesyyu_600x600.jpg,25
RLC Exclusive 1991 BMW M3,HNL25,rlc-exclusive-1991-bmw-m3-hnl25,0,0,https://cdn.shopify.com/s/files/1/0568/1132/3597/products/yvpkkcwvuwutrot621bw_e625627e-5791-4da0-9343-e94db9b0c29a_600x600.jpg,30
RLC Exclusive 1994 Ryu Asada’s NSX,HGK81,rlc-exclusive-1994-ryu-asadas-nsx-hgk81,0,0,https://cdn.shopify.com/s/files/1/0568/1132/3597/products/ikrepczgpc1neblrhfpf_4cab32c2-ca4c-4b1f-9411-846546290258_600x600.jpg,40
RLC Exclusive 1990 Chevy 454 SS,HNL20,rlc-exclusive-1990-chevy-454-ss-hnl20,0,0,https://cdn.shopify.com/s/files/1/0568/1132/3597/products/tfkrlbe002ssbh89rafr_99ddcb0b-261f-4285-a111-5305e07cc4bd_600x600.jpg,25
"Hot Wheels Premium Car Culture, Set of 2",HKF58,hot-wheels-premium-car-culture-2-pack-hkf58,0,0,https://cdn.shopify.com/s/files/1/0568/1132/3597/products/iomzjlzatrj46mes3zpz_600x600.jpg,13
RLC Exclusive “Kawa-Bug-A” ‘49 VW Beetle,HGK76,rlc-exclusive-kawa-bug-a-49-vw-beetle-hgk76,0,0,https://cdn.shopify.com/s/files/1/0568/1132/3597/products/mjgfv4os60bokxkbsvul_ef2d7549-c03a-431a-9baa-43a3d5747cd7_600x600.jpg,30
RLC Exclusive '32 Ford,HGW19,rlc-exclusive-32-ford-hgw19,0,0,https://cdn.shopify.com/s/files/1/0568/1132/3597/products/osh4tw82qokmkclwkghd_95e22512-6ba4-41fd-95cc-0acd39c8a34d_600x600.jpg,30
Hot Wheels Premium Fast &amp; Furious 1967 Chevy Camaro Offroad,HNW47,hot-wheels-premium-fast-furious-1969-ford-mustand-boss-302-hnw47,0,0,https://cdn.shopify.com/s/files/1/0568/1132/3597/files/gockgsvrcs32d4fzsfto_600x600.jpg,6.5
Hot Wheels Premium Car Culture 2-Pack Volkswagen Jetta MK3 &amp; Volkswagen ID R,HRR83,hot-wheels-premium-car-culture-2-pack-hrr83,0,0,https://cdn.shopify.com/s/files/1/0568/1132/3597/files/k3aesasrcdkhzva38lfz_600x600.jpg,13
Hot Wheels Premium Boulevard '66 Chevrolet Corvair Yenko Stinger,HRT69,hot-wheels-boulevard-vehicle-hrt69,0,0,https://cdn.shopify.com/s/files/1/0568/1132/3597/files/hfxh6d7j1qhhomybpkqj_600x600.jpg,6.5
Hot Wheels Premium Car Culture 2-Pack - '05 Toyota Land Cruiser Prado &amp; Mercedes Benz Sprinter Tourer,HRR76,hot-wheels-premium-car-culture-2-pack-hrr76,0,0,https://cdn.shopify.com/s/files/1/0568/1132/3597/files/ion1yrgoiwcjbucvkmpp_600x600.jpg,13
RLC Exclusive Hot Wheels Kawa-Bug-A Membership Car,JFH82,hot-wheels-rlc-kawa-bug-a-jfh82,0,0,https://cdn.shopify.com/s/files/1/0568/1132/3597/files/yfw9bm6rxxjgfzkuolli_600x600.jpg,25
Hot Wheels Car Culture Off Road Vehicles Range Rover Classic,HKC71,hot-wheels-car-culture-circuit-legends-vehicles-hkc71,0,0,https://cdn.shopify.com/s/files/1/0568/1132/3597/files/pqjmn2tcdmhdez7f54hr_600x600.jpg,6.5
Hot Wheels Elite 64 Pandem Datsun 280ZX,HNJ59,hot-wheels-elite-64-pandem-nissan-280zx-hnj59,0,0,https://cdn.shopify.com/s/files/1/0568/1132/3597/files/HNJ59_W_24_606_600x600.jpg,20
Hot Wheels Premium Car Culture 2-Pack,HKF59,hot-wheels-premium-car-culture-2-pack-hkf59,0,0,https://cdn.shopify.com/s/files/1/0568/1132/3597/products/dhwtldum90akdji6vylf_afa01910-b90a-4cce-997f-d55d98e65237_600x600.jpg,13
Hot Wheels Premium Car Culture 2-Pack of 1:64 Scale Vehicles,HKF50,hot-wheels-premium-car-culture-2-pack-of-1-64-scale-vehicles-hkf50,0,0,https://cdn.shopify.com/s/files/1/0568/1132/3597/products/kxgd8zwo5mihqgnphy16_66031537-c9a1-4b5a-8d88-940cafe65b47_600x600.jpg,13
"Hot Wheels Fast &amp; Furious Collector Cars, 1999 Nissan Maxima",HKD23,hot-wheels-fast-furious-collector-cars-99-nissan-maxima-hkd23,0,0,https://cdn.shopify.com/s/files/1/0568/1132/3597/files/sazkrv94zxmqm2mdwg2j_600x600.jpg,6.5
Hot Wheels Car Culture Circuit Legends Vehicles BMW E39 M5,HKC52,hot-wheels-car-culture-circuit-legends-vehicles-bmw-e39-m5-hkc52,0,0,https://cdn.shopify.com/s/files/1/0568/1132/3597/products/bshfgxuhj9e4xzzbcy9o_600x600.jpg,6.5
Hot Wheels Premium Car Culture 2-Pack,HKF55,hot-wheels-premium-car-culture-2-pack-hkf55,0,0,https://cdn.shopify.com/s/files/1/0568/1132/3597/files/bdezczqrpj0j8xtjxqbf_600x600.jpg,13
Hot Wheels Premium Car Culture Spettacolare Container Set,HKD99,hot-wheels-premium-car-culture-che-figata-container-set-hkd99,0,0,https://cdn.shopify.com/s/files/1/0568/1132/3597/products/jdgplwy1nvycrfrrmwpa_600x600.jpg,38
RLC Exclusive Holiday 1952 Dodge Power-Wagon,HNL31,rlc-exclusive-holiday-1952-dodge-power-wagon-hnl31,0,0,https://cdn.shopify.com/s/files/1/0568/1132/3597/products/xg4fabg6ssab23gaptk2_04daabc8-bbf6-42a2-b0c8-c2e9073b3f01_600x600.jpg,30
Barbie The Movie Hot Wheels Corvette 4-Pack,HRL24,barbie-the-movie-hot-wheels-corvette-4-pack-hrl24,-1,-1,https://cdn.shopify.com/s/files/1/0568/1132/3597/files/iwa6hyw3ivvhe4hr4auz_600x600.jpg,30
Hot Wheels Premium Car Culture Canyon Warriors – Mercedes-Benz 500E,HKC55,hot-wheels-car-culture-circuit-legends-vehicles-mercedes-benz-500e-hkc55,0,0,https://cdn.shopify.com/s/files/1/0568/1132/3597/products/ricnockdq49iebfbna2m_1835be36-7fac-41b3-b6f6-df8bb34e8542_600x600.jpg,6.5
Hot Wheels Premium Car Culture Canyon Warriors – '89 Porsche 944 Turbo,HKC56,hot-wheels-car-culture-circuit-legends-hkc56,0,0,https://cdn.shopify.com/s/files/1/0568/1132/3597/files/hjjteasaecg3m5p6ziq4_600x600.jpg,6.5
Hot Wheels Jurassic Park Jeep Wrangler &amp; Dr. Ian Malcolm,HRL27,hot-wheels-jurassic-park-jeep-wrangler-dr-ian-malcolm-hrl27,0,0,https://cdn.shopify.com/s/files/1/0568/1132/3597/products/hoipoce7klmyoeedspgy_6ce72a31-48b5-4025-9cff-591d36faf511_600x600.jpg,30
Hot Wheels Car Culture Circuit Legends Mazda RX-7 FC,HCJ86,hot-wheels-car-culture-circuit-legends-mazda-rx-7-fc-hcj86,0,0,https://cdn.shopify.com/s/files/1/0568/1132/3597/files/hqjpr5aly8rzm3wrrdfx_600x600.jpg,6.5
RLC Exclusive 1969 Chevy Camaro SS,HNL21,rlc-exclusive-1969-chevy-camaro-ss-hnl21,0,0,https://cdn.shopify.com/s/files/1/0568/1132/3597/files/sy1kmjrnqjkigfm4hszj_600x600.jpg,25
RLC Exclusive Volkswagen T1 Rockster,HNL19,rlc-exclusive-volkswagen-t1-rockster-hnl19,0,0,https://cdn.shopify.com/s/files/1/0568/1132/3597/files/kx2vbawhlvtz6st7anxq_600x600.jpg,25
RLC Exclusive Custom ’72 Datsun 240Z,HNL17,rlc-exclusive-custom-72-datsun-24oz-hnl17,0,0,https://cdn.shopify.com/s/files/1/0568/1132/3597/products/p3d2xomm70gxpjbxyl8u_600x600.jpg,30
Hot Wheels Car Culture Lamborghini Urus 21A,HCK16,hot-wheels-car-culture-lamborghini-urus-21a-hck16,0,0,https://cdn.shopify.com/s/files/1/0568/1132/3597/files/bgfdljjuoljhbhfhumqj_600x600.jpg,6.5
RLC Exclusive Pink Editions Nissan Skyline GT-R,HNL06,rlc-exclusive-pink-editions-nissan-skyline-gt-r-hnl06,-1,-1,https://cdn.shopify.com/s/files/1/0568/1132/3597/files/qlhpaei5isnsvoocysta_600x600.jpg,28
RLC Exclusive 1964 Jaguar E-Type,HGK82,rlc-exclusive-1964-jaguar-e-type-hgk82,0,0,https://cdn.shopify.com/s/files/1/0568/1132/3597/files/uqsvq03btycoowandt2y_600x600.jpg,30
RLC Exclusive 1975 Chevrolet Monte Carlo Lowrider,HGK77,hot-wheels-rlc-1975-chevrolet-monte-carlo-hgk77,0,0,https://cdn.shopify.com/s/files/1/0568/1132/3597/products/qgbdzfj4t6qcc7baevqk_03f85d69-8cc4-4a43-9f31-9b5e1e5fcd81_600x600.jpg,30
RLC Exclusive 2022 Hot Wheels Super Treasure Hunt Set,HGK86,2022-hot-wheels-super-treasure-hunt-set-hgk86,0,0,https://cdn.shopify.com/s/files/1/0568/1132/3597/products/ou51gm4ifxomx8vqefow_600x600.jpg,250
RLC Exclusive ‘70s Dodge Tradesman Van,HGK78,rlc-exclusive-70s-dodge-tradesman-van-hgk78,0,0,https://cdn.shopify.com/s/files/1/0568/1132/3597/products/ldqdmlayzvodykctygf1_c2ce6ca1-c7d8-44b1-a417-4b3fd1a60c01_600x600.jpg,35
RLC Exclusive ’21 Ford Bronco Wildtrak,HGK79,rlc-exclusive-21-ford-bronco-wildtrak-hgk79,0,0,https://cdn.shopify.com/s/files/1/0568/1132/3597/products/jrl3cpesngtyw8hnifxw_600x600.jpg,35
HWC Elite 64 Series 1996 Toyota Chaser JZX100,HGW10,hwc-elite-64-series-1996-toyota-chaser-jzx100-hgw10,0,0,https://cdn.shopify.com/s/files/1/0568/1132/3597/files/rxnyyoga6bdetbpzqb8y_600x600.jpg,20
RLC sELECTIONs ’82 Lamborghini Countach LP 500 S,HGW25,rlc-selections-82-lamborghini-countach-lp500-s-hgw25,0,0,https://cdn.shopify.com/s/files/1/0568/1132/3597/products/lcwlsbk7flqlki4yj2ma_397dd162-31cc-41b7-b792-f006e856e349_600x600.jpg,30
Hot Wheels Car Culture Circuit Legends Vehicles,HKC58,hot-wheels-car-culture-circuit-legends-vehicles-hkc58,0,0,https://cdn.shopify.com/s/files/1/0568/1132/3597/files/HWC_PDP_HKC58_PIP_FE_23_001_21A_b39b6b63-40aa-482c-a16b-e3f4df64639c_600x600.jpg,6.5
Hot Wheels Premium Car Culture 2-Pack,HKF54,hot-wheels-premium-car-culture-2-pack-hkf54,0,0,https://cdn.shopify.com/s/files/1/0568/1132/3597/products/uip46emuvy6trp9mvszm_600x600.jpg,13
Hot Wheels Car Culture Circuit Legends Vehicles,HKC62,hot-wheels-car-culture-circuit-legends-vehicles-hkc62,0,0,https://cdn.shopify.com/s/files/1/0568/1132/3597/products/bx16mnvobmvfizlhalzu_600x600.jpg,6.5
Hot Wheels Car Culture Circuit Legends Vehicles,HKC59,hot-wheels-car-culture-circuit-legends-vehicles-hkc59,0,0,https://cdn.shopify.com/s/files/1/0568/1132/3597/products/qptkff6jzbwfjv9kl55w_14d9fe52-4ebb-4d1c-8e07-a0bd88621cea_600x600.jpg,6.5
Hot Wheels Car Culture Circuit Legends Vehicles,HKC61,hot-wheels-car-culture-circuit-legends-vehicles-hkc61,0,0,https://cdn.shopify.com/s/files/1/0568/1132/3597/files/onm2fzfkjpfuo5nomtci_600x600.jpg,6.5
Hot Wheels Car Culture Circuit Legends Vehicles,HKC60,hot-wheels-car-culture-circuit-legends-vehicles-hkc60,0,0,https://cdn.shopify.com/s/files/1/0568/1132/3597/files/ulug1w6pqlvtoc0qliih_600x600.jpg,6.5
RLC Exclusive 1:18 Scale ‘55 Chevy Bel Air Gasser “Candy Striper” - Crowdfund,HNL28,rlc-cxclusive-118-candy-striper-crowdfund-hnl28,-5742,-5742,https://cdn.shopify.com/s/files/1/0568/1132/3597/products/eopev7d9u54fdmswvjny_4d34de02-d99f-484d-b178-c67d625dbfae_600x600.jpg,250
Hot Wheels Elite 64 Series Modified ’69 Ford Mustang,HGW13,hot-wheels-elite-modified-69-ford-mustang-hgw13,0,0,https://cdn.shopify.com/s/files/1/0568/1132/3597/files/agwgvcsoabsuvytsnt2a_600x600.jpg,14
"Hot Wheels Premium 007 You Only Live Twice, Toyota 2000GT Roadster",HKC27,hot-wheels-retro-entertainment-collection-of-1-64-scale-vehicles-hkc27,0,0,https://cdn.shopify.com/s/files/1/0568/1132/3597/products/shfe3lmqxehupmkzwvyg_4b9eee31-03dd-497a-b313-bbea7e43e17c_600x600.jpg,6.5
"Hot Wheels Fast &amp; Furious Premium Series, Jeep Grand Cherokee Trackhawk",HNW48,hot-wheels-cars-premium-fast-furious-car-for-adult-collectors-hnm48,0,0,https://cdn.shopify.com/s/files/1/0568/1132/3597/products/ypdcng14b8xpuzpqcmm6_371a76b2-f55b-43bb-bd5f-4860bf5bf2ff_600x600.jpg,6.5
Hot Wheels Car Culture Circuit Legend '33 Willys Gasser Pick Up,HCJ88,hot-wheels-car-culture-circuit-legends-hcj88,0,0,https://cdn.shopify.com/s/files/1/0568/1132/3597/files/q5h8hm2iwrkhgheunknd_600x600.jpg,6.5
Hot Wheels Premium Car Culture Ronin Run Container Set,HFF46,hot-wheels-ronin-run-container-set-hff46,0,0,https://cdn.shopify.com/s/files/1/0568/1132/3597/products/nqhpavxvwan9zironfdp_600x600.jpg,38
"Hot Wheels Premium Back To the Future, Ford Super De Lux",HKC25,hot-wheels-retro-entertainment-collection-hkc25,0,0,https://cdn.shopify.com/s/files/1/0568/1132/3597/files/mh66sofkhfavcva9cvov_600x600.jpg,6.5
Hot Wheels Premium Car Culture Canyon Warriors – '74 Volvo 142 GL,HKC53,hot-wheels-car-culture-circuit-legends-vehicles-74-volvo-142-gl-hkc53,0,0,https://cdn.shopify.com/s/files/1/0568/1132/3597/files/hpztrze6vttj5mu2gdus_600x600.jpg,6.5
Hot Wheels Premium Car Culture Canyon Warriors – Ford Sierra RS Cosworth,HKC54,hot-wheels-car-culture-circuit-legends-vehicles-ford-sierra-rs-cosworth-hkc54,0,0,https://cdn.shopify.com/s/files/1/0568/1132/3597/products/y3y87eyxtks3isvnuqtn_0ee640a5-7223-4ee3-8b90-91565327562f_600x600.jpg,6.5
Hot Wheels Premium Car Culture Spettacolare Lamborghini Countach LP 5000 QV,HKC47,hot-wheels-car-culture-circuit-legend-lamborghini-countach-lp-5000-qv-hkc47,0,0,https://cdn.shopify.com/s/files/1/0568/1132/3597/products/fetwpb4eka86kowq8rvz_600x600.jpg,6.5
Hot Wheels Premium Car Culture Spettacolare – Lancia Stratos,HKC49,hot-wheels-car-culture-circuit-legend-lancia-stratos-hkc49,0,0,https://cdn.shopify.com/s/files/1/0568/1132/3597/products/x13ev8b3mmxfpgyk3yuy_600x600.jpg,6.5
Hot Wheels Premium Car Culture Spettacolare – Alfa Romeo Giulia Sprint GTA,HKC50,hot-wheels-car-culture-circuit-legend-alfa-giulia-sprint-gta-hkc50,0,0,https://cdn.shopify.com/s/files/1/0568/1132/3597/files/uf5mwyyzwwd6yemngrjf_600x600.jpg,6.5
Hot Wheels Premium Car Culture Spettacolare – Alfa Romeo 155 V6 Ti,HKC48,hot-wheels-car-culture-circuit-legend-alfa-romero-155-v6-ti-hkc48,0,0,https://cdn.shopify.com/s/files/1/0568/1132/3597/files/HKC48_PIP_FE_23_001_4LB_600x600.jpg,6.5
Hot Wheels Premium Car Culture Dragstrip Demons Container Set,HFF48,hot-wheels-lions-roar-container-set-hff48,0,0,https://cdn.shopify.com/s/files/1/0568/1132/3597/products/rgbpgkq4nix7ve7qlukk_c1cded93-c5bd-4b4a-9771-27d2f852d5c6_600x600.jpg,38
Hot Wheels Star Wars Starships Select Millenium Falcon Vehicle ,HHR22,hot-wheels-star-wars-starships-select-x-millennium-falcon-vehicle-hhr22,0,0,https://cdn.shopify.com/s/files/1/0568/1132/3597/products/nmwk1nvuodaygszccaz8_600x600.jpg,14
"Hot Wheels Fast &amp; Furious Premium Series, Dodge Charger Hellcat",HNW50,hot-wheels-fast-furious-dodge-charger-hellcat-hnw50,0,0,https://cdn.shopify.com/s/files/1/0568/1132/3597/products/axfw2dfpeietnoichg8z_600x600.jpg,6.5
"Hot Wheels Fast &amp; Furious Premium Series, Lykan Hypersport",HNW49,hot-wheels-fast-furious-lyman-hypersport-hnw49,0,0,https://cdn.shopify.com/s/files/1/0568/1132/3597/files/iokoqsgbr77pkbezitmj_600x600.jpg,6.5
Hot Wheels Premium Car Culture 2-Pack – Lexus + Subaru ,HKF51,hot-wheels-premium-car-culture-2-pack-hkf51,0,0,https://cdn.shopify.com/s/files/1/0568/1132/3597/products/ccxrmq7az14il2jvlcnk_600x600.jpg,13
Hot Wheels: Ultimate Challenge Nissan Skyline GT-R (R33),HYH22,hot-wheels-ultimate-challenge-nissan-skyline-gt-r-r33-hyh22,0,0,https://cdn.shopify.com/s/files/1/0568/1132/3597/products/vyxlyhcdquqabgnnpmbo_600x600.jpg,20
"Hot Wheels Mario Kart Characters and Die-Cast Kart Vehicles, Set of 4",GLN53,hot-wheels-mario-kart-die-cast-4-pack-gln53,0,0,https://cdn.shopify.com/s/files/1/0568/1132/3597/files/p204378cgw8msri2jmye_0e3a6c10-f6c0-449f-8d1c-1451a246a84a_600x600.jpg,24
"Hot Wheels Fast &amp; Furious Premium Series, 1969 Chevy Camaro",HKD24,hot-wheels-cars-premium-fast-furious-car-hkd24,0,0,https://cdn.shopify.com/s/files/1/0568/1132/3597/products/mt8sejf4xo5nlmjtsyd9_ea3a7c84-6fb1-4a1e-8672-a3cb89f6b87c_600x600.jpg,6.5
Hot Wheels Car Culture Circuit Legends Lamborghini Countach LPI 800-4,HKC40,hot-wheels-car-culture-circuit-legends-hkc40,0,0,https://cdn.shopify.com/s/files/1/0568/1132/3597/files/fruyly5v6lptpmolqsiv_600x600.jpg,6.5
Hot Wheels Premium Car Culture 2-Pack - Nissan Skylines,HKF49,hot-wheels-premium-car-culture-2-pack-hkf49,0,0,https://cdn.shopify.com/s/files/1/0568/1132/3597/products/pix067cv7yggverkljbv_600x600.jpg,13
"Hot Wheels Premium Car Culture 2-Pack, Belvedere and Coronet",HKF56,hot-wheels-premium-car-culture-2-pack-hkf56,0,0,https://cdn.shopify.com/s/files/1/0568/1132/3597/files/oukexpokc78kioiyjs3e_600x600.jpg,13
"Hot Wheels Premium Collector Set, 3 Nissan Skyline Cars &amp; 1 Transporter",HKC16,hot-wheels-premium-collector-display-sets-hkc16,0,0,https://cdn.shopify.com/s/files/1/0568/1132/3597/products/gq9zzqmir9t621jb4mib_600x600.jpg,33
RLC Exclusive ’66 Super Nova,HNL16,rlc-exclusive-66-super-nova-hnl16,-3,-3,https://cdn.shopify.com/s/files/1/0568/1132/3597/products/mqn3rkxkfn6j8od2vnwr_df787d23-603f-4c20-a503-fcf1ee31fff3_600x600.jpg,25
HWC Special Edition ’55 Chevy Bel Air Gasser,HGW21,hwc-special-edition-55-chevy-bel-air-gasser-hgw21,0,0,https://cdn.shopify.com/s/files/1/0568/1132/3597/products/dlnemkedaj0bm9cjainr_600x600.jpg,25
Hot Wheels Retro Entertainment Casino Royale 007 Aston Martin DBS,HKC21,hot-wheels-retro-entertainment-casino-royale-007-aston-martin-dbs-hkc21,0,0,https://cdn.shopify.com/s/files/1/0568/1132/3597/files/f9wjhl3rclvaqnkcwtvt_600x600.jpg,6.5
Hot Wheels Retro Entertainment Back to the Future 1987 Toyota Pickup Truck,HKC20,hot-wheels-retro-entertainment-back-to-the-future-1987-toyota-pickup-truck-hkc20,0,0,https://cdn.shopify.com/s/files/1/0568/1132/3597/files/vvegovhvydnjdbkvhdmk_600x600.jpg,6.5
Hot Wheels Car Culture Circuit Legends Vehicles Ford GT LM,HKC46,hot-wheels-car-culture-pininfarina-alfa-33-concept-hkc46,0,0,https://cdn.shopify.com/s/files/1/0568/1132/3597/products/ewdw9z1gpbfoaw324dvz_600x600.jpg,6.5
Hot Wheels RC Barbie Corvette,HPW40,hot-wheels-rc-barbie-corvette-hpw40,0,0,https://cdn.shopify.com/s/files/1/0568/1132/3597/products/bsqdlve2cjmskyhxnj8p_600x600.jpg,55
Hot Wheels Premium Collector Set,GMH39M,hot-wheels-premium-collector-set-gmh39,0,0,https://cdn.shopify.com/s/files/1/0568/1132/3597/files/hzejvkzad6hxipuwk8n5_600x600.jpg,30
"Hot Wheels Premium Collector Display Sets, 3 Cars &amp; 1 Transporter",HKC15,hot-wheels-premium-collector-display-sets-hkc15,0,0,https://cdn.shopify.com/s/files/1/0568/1132/3597/products/eladdxi9m0cn04njpxzj_600x600.jpg,33
"Hot Wheels MARIOKART Vehicle + Glider, Set of 3",HDB37B,hot-wheels-mariokart-vehicle-glider-set-of-3-hdb37,0,0,https://cdn.shopify.com/s/files/1/0568/1132/3597/files/zvidtqokntjag7vkptpj_600x600.jpg,24
Hot Wheels® Mario Kart™ 4-PK Assortment,GWB36,hot-wheels-mario-kart-4-pk-assortment-gwb36,0,0,https://cdn.shopify.com/s/files/1/0568/1132/3597/files/zokvbqrs7eqn57xfhzcf_600x600.jpg,24
"Hot Wheels Strasse, Autobahn, Autostrasse Container Set",HFF47,hw-alpine-run-container-set-hff47,0,0,https://cdn.shopify.com/s/files/1/0568/1132/3597/products/sq8gokbzk0kmaxqn5zu5_600x600.jpg,38
Hot Wheels Car Culture Circuit Legend Nissan 300ZX Twin Turbo,HCK12,hot-wheels-car-culture-circuit-legend-nissan-300zx-twin-turbo-hck12,0,0,https://cdn.shopify.com/s/files/1/0568/1132/3597/files/j7yfoqu6sp3vreq7lhn9_600x600.jpg,6.5
Hot Wheels Car Culture Circuit Legend Toyota Starlet 1981,HCK11,hot-wheels-car-culture-circuit-legend-toyota-starlet-1981-hck11,0,0,https://cdn.shopify.com/s/files/1/0568/1132/3597/files/hs95f2cig8bekmkmkcdm_600x600.jpg,6.5
Hot Wheels Car Culture Subaru WRX STI 22B,HCK14,hot-wheels-car-culture-subaru-wrx-sti-22b-hck14,0,0,https://cdn.shopify.com/s/files/1/0568/1132/3597/files/zcwbemom6ylmoln9cmj9_600x600.jpg,6.5
Hot Wheels Car Culture Mazda RX7 FD Twin Turbo,HCK13,hot-wheels-car-culture-mazda-rx7-fd-twin-turbo-hck13,0,0,https://cdn.shopify.com/s/files/1/0568/1132/3597/files/x5hsqgjcagmsbqn3wy2q_600x600.jpg,6.5
"Hot Wheels Fast and Furious Premium Series, Nissan Skyline GTR",HKD21,hot-wheels-fast-and-furious-premium-series-nissan-skyline-gtr-hkd21,0,0,https://cdn.shopify.com/s/files/1/0568/1132/3597/files/ohzeqigrsw0xkdetpfao_600x600.jpg,6.5
"Hot Wheels Fast &amp; Furious Premium Series, Mazda RX-7 FD",HKD22,hot-wheels-fast-furious-premium-series-mazda-rx-7-fd-hkd22,0,0,https://cdn.shopify.com/s/files/1/0568/1132/3597/files/tuqjkwwhi3ivaj33rrei_600x600.jpg,6.5
Hot Wheels Car Culture Circuit Legends Porsche 911 GT3,HKC44,hot-wheels-car-culture-circuit-legends-hkc44,0,0,https://cdn.shopify.com/s/files/1/0568/1132/3597/files/utq9gg3dokbmgzxtxvmp_600x600.jpg,6.5
Hot Wheels Premium Car Culture Speed Machines – Pagani Zonda R,HKC42,hot-wheels-car-culture-circuit-legends-hkc42,0,0,https://cdn.shopify.com/s/files/1/0568/1132/3597/files/ppaiopliho5zpuj7e3en_600x600.jpg,6.5
Hot Wheels Car Culture Circuit Legends Lamborghini Veneno,HKC41,hot-wheels-car-culture-circuit-legends-hkc41,0,0,https://cdn.shopify.com/s/files/1/0568/1132/3597/files/qpbq5xuwhbndkiek33ar_600x600.jpg,6.5
Hot Wheels Premium Car Culture Speed Machines – McLaren 720S,HKC43,hot-wheels-car-culture-circuit-legends-hkc43,0,0,https://cdn.shopify.com/s/files/1/0568/1132/3597/files/b7cy6pb70e0wab0h8o5h_600x600.jpg,6.5
"Hot Wheels Fast &amp; Furious Premium Series, Porsche Cayman GT4",HKD20,hot-wheels-fast-furious-premium-series-porsche-cayman-gt4-hkd20,0,0,https://cdn.shopify.com/s/files/1/0568/1132/3597/files/toikue86jucgjsrfolyc_600x600.jpg,6.5
Hot Wheels Car Culture Alpine A110,HCK17,hot-wheels-car-culture-alpine-a110-hck17,0,0,https://cdn.shopify.com/s/files/1/0568/1132/3597/files/suzxaieocewomi2pivub_600x600.jpg,6.5
Hot Wheels Car Culture Circuit Legends Vehicles ’74 Volvo 142 GL,HCJ87,hot-wheels-car-culture-circuit-legends-hcj87,0,0,https://cdn.shopify.com/s/files/1/0568/1132/3597/files/giw0vz92tduxnt28fphg_600x600.jpg,6.5
Hot Wheels Rift Rally – Collectors Edition,HXB18,hot-wheels-rift-rally-collectors-edition-hxb18,0,0,https://cdn.shopify.com/s/files/1/0568/1132/3597/products/fpubahn05dvkebouhzbh_3638b897-e8d0-400f-8f06-670af57327e2_600x600.jpg,150
2023 RLC Membership ’93 Ford Cobra R,HWRLC2023,2023-rlc-membership-93-ford-cobra-r-hwrlc2023,0,0,https://cdn.shopify.com/s/files/1/0568/1132/3597/products/o1y3adx9k2sg7fpsr0ql_67c3e256-7c72-428b-87a4-54f6dba8af6a_600x600.jpg,25
"HOT WHEELS MARIOKART, 4 Pack with 1 Exclusive Kart",HDB25,hot-wheels-mariokart-4-pack-with-1-exclusive-kart-hdb25,0,0,https://cdn.shopify.com/s/files/1/0568/1132/3597/products/qiusrxjfgfijhpjqbq0w_b4f6e5fe-01bc-49df-b54d-f260f7af83a1_600x600.jpg,16
Hot Wheels Mario Kart Vehicles 4-Pack,HDB24,hot-wheels-mariokart-4-pack-with-1-exclusive-kart-hdb24,0,0,https://cdn.shopify.com/s/files/1/0568/1132/3597/products/z4cxhzxl07astpb2wv1d_aaf13600-c325-4348-8c16-79559c53fef3_600x600.jpg,24
Hot Wheels Mario Kart Vehicles 4-Pack,HDB23,hot-wheels-mariokart-vehicles-4-pack-hdb23,0,0,https://cdn.shopify.com/s/files/1/0568/1132/3597/products/v94lsej0dozbbvygixly_1ae6e5cf-6b54-4e1d-928c-17f267ab1ba1_600x600.jpg,24
Hot Wheels Car Culture Circuit Legends Vehicles - BWM M3,HCK19,hot-wheels-car-culture-circuit-legends-vehicles-hck19,0,0,https://cdn.shopify.com/s/files/1/0568/1132/3597/products/hmhdnkgdt8hf1l2ge1ua_4d1b9f5f-f31c-4eb5-9bb6-19b8d7c199bd_600x600.jpg,6.5
Hot Wheels Car Culture Circuit Legends Vehicles - ‘71 Mercedes-Benz 280 SEL 4.5,HCK18,hot-wheels-car-culture-circuit-legends-vehicles-hck18,0,0,https://cdn.shopify.com/s/files/1/0568/1132/3597/files/ugsr3phjb81k0mkfrccm_600x600.jpg,6.5
Hot Wheels Mario Kart Vehicles 3-Pack,HDB39,hot-wheels-mario-kart-vehicles-set-of-3-hdb39,0,0,https://cdn.shopify.com/s/files/1/0568/1132/3597/files/zfhkcrk7tcu2pzehkump_600x600.jpg,24
Hot Wheels Sanrio Character Cars 5-Pack,HGP04,hot-wheels-sanrio-character-cars-set-of-5-hgp04,0,0,https://cdn.shopify.com/s/files/1/0568/1132/3597/files/ynpkdbgkv4a9wdurehpm_600x600.jpg,23
Hot Wheels Disney Princess Character Cars 5-Pack,HGP05,hot-wheels-disney-princess-character-cars-set-of-5-hgp05,0,0,https://cdn.shopify.com/s/files/1/0568/1132/3597/files/ag2qbxk63d1zl2umdun4_600x600.jpg,23
Hot Wheels Star Wars Starships Select X-wing Fighter (Red Five),HHR15,hot-wheels-star-wars-starships-select-x-wing-fighter-red-five-hhr15,0,0,https://cdn.shopify.com/s/files/1/0568/1132/3597/files/ytfglaak29aqmsq1fgll_600x600.jpg,14
Hot Wheels Super Mario Character Cars 5-Pack,HGP02,hot-wheels-super-mario-character-cars-set-of-5-hgp02,0,0,https://cdn.shopify.com/s/files/1/0568/1132/3597/products/zk70krujv33nvafrshaz_600x600.jpg,23
Hot Wheels Star Wars Starships Select Razor Crest,HHR18,hot-wheels-star-wars-starships-select-razor-crest-hhr18,0,0,https://cdn.shopify.com/s/files/1/0568/1132/3597/products/ehlbqhwdjg8uvvgkjqo1_600x600.jpg,14
Hot Wheels Star Wars Starships Select Boba Fett's Starship,HHR17,hot-wheels-star-wars-starships-select-boba-fetts-starship-hhr17,0,0,https://cdn.shopify.com/s/files/1/0568/1132/3597/files/klkjhylfpkpvzkw8pjkm_600x600.jpg,14
Hot Wheels Star Wars Starship Vehicles 3-Pack,HDY15,hot-wheels-star-wars-classic-x-wing-hdy15,0,0,https://cdn.shopify.com/s/files/1/0568/1132/3597/files/tbhvuhko6mudvcz4nqys_600x600.jpg,20
Hot Wheels Marvel Iron Man &amp; Hulkbuster Vehicles,DMH93,hot-wheels-marvel-iron-man-hulkbuster-vehicles-dmh93,0,0,https://cdn.shopify.com/s/files/1/0568/1132/3597/files/ebemwkkbtskxstak5lje_600x600.jpg,40
Hot Wheels Character Cars Spider-Man 5-Pack,HBY36,hot-wheels-character-cars-spider-man-5-pack-hby36,0,0,https://cdn.shopify.com/s/files/1/0568/1132/3597/files/esh1pxg6j6q1mgnk1gms_600x600.jpg,23
Hot Wheels DC Character Car 5-Pack,HBY33,hot-wheels-dc-character-car-bundle-5-pack-hby33,0,0,https://cdn.shopify.com/s/files/1/0568/1132/3597/products/kgir6qvtmvrxe6eesegl_73275cf1-f244-4437-b685-a1814dc6c144_600x600.jpg,23
RLC Exclusive Real Riders Wheels Pack - Set 2,HGK88,rlc-exclusive-real-riders-wheel-packs-set-2-hgk88,0,0,https://cdn.shopify.com/s/files/1/0568/1132/3597/products/avg6vo4ddzi5qyd1fpzf_600x600.jpg,20
Hot Wheels Premium Batman™ Bundle,GRM17,hot-wheels-premium-batman-bundle-grm17,0,0,https://cdn.shopify.com/s/files/1/0568/1132/3597/products/l5qes3cvztlj8mjsgqeo_90c72541-ef9f-435a-aa43-5a52d7a81012_600x600.jpg,38
Hot Wheels Batman 6-pack,HBY35,hot-wheels-batman-6-pack-hby35,0,0,https://cdn.shopify.com/s/files/1/0568/1132/3597/products/hllugppxiqf97vsalbh8_4b6ff981-a877-41f6-bcfa-1a4c85271c87_600x600.jpg,27
Hot Wheels Character Cars Marvel Avengers 5-Pack,HBY34,hot-wheels-character-cars-marvel-avengers-5-pack-vehicles-hby34,0,0,https://cdn.shopify.com/s/files/1/0568/1132/3597/products/boz82hrtyf3n6nit0nco_600x600.jpg,23
Hot Wheels Masters of the Universe Character Cars 5-Pack,GRM88,hot-wheels-masters-of-the-universe-character-car-bundle-5-pack-grm88,0,0,https://cdn.shopify.com/s/files/1/0568/1132/3597/products/dyohd541gvi6ywprs9er_600x600.jpg,23
RLC Exclusive Real Riders Wheels Pack - Set 1,HGK87,rlc-exclusive-real-riders-wheels-pack-set-1-american-hgk87,0,0,https://cdn.shopify.com/s/files/1/0568/1132/3597/files/sycz5qdzwf1gwit9uirz_600x600.jpg,14
Hot Wheels x Daniel Arsham Eroded Ford Mustang,HPJ33,eroded-ford-mustang-hot-wheels-daniel-arsham-hpj33,1384,1335,https://cdn.shopify.com/s/files/1/0568/1132/3597/files/dsto34mbunh1it2zz2dp_600x600.jpg,70
Hot Wheels x Daniel Arsham Eroded Twin Mill,HPJ32,hot-wheels-x-daniel-arsham-eroded-twin-mill-hpj32,2722,2712,https://cdn.shopify.com/s/files/1/0568/1132/3597/files/pxveqxppyse4ywn6onf1_600x600.jpg,70
Hot Wheels x Kenny Scharf Signed Custom T-Bird,JKN09,hot-wheels-x-kenny-scharf-vehicle-jkn09,-96,-96,https://cdn.shopify.com/s/files/1/0568/1132/3597/files/pylupqiqv3mpiatrtbbz_600x600.jpg,300
Hot Wheels x Kenny Scharf Custom T-Bird,HXD50,hot-wheels-x-kenny-scharf-vehicle-hxd50,361,-367,https://cdn.shopify.com/s/files/1/0568/1132/3597/files/oujxsid8xibvm0c5iuus_600x600.jpg,35
Hot Wheels x Daniel Arsham Eroded Porsche Safari,HPJ31,eroded-porsche-safari-hot-wheels-daniel-arsham-hpj31,0,0,https://cdn.shopify.com/s/files/1/0568/1132/3597/files/lc3ehsnynig446ovf0cp_75879e47-dd03-4684-886b-2516da8b7477_600x600.jpg,70
Hot Wheels x Daniel Arsham Livery Porsche 930A,HPJ30,hot-wheels-x-daniel-arsham-livery-porsche-930a-hpj30,0,0,https://cdn.shopify.com/s/files/1/0568/1132/3597/files/su5on5nrgyzhw8pghegm_600x600.jpg,70
Hot Wheels x Daniel Arsham Porsche 356 “Bonsai” Speedster,HPJ29,hot-wheels-x-daniel-arsham-porsche-356-bonsai-speedster-hpj29,0,0,https://cdn.shopify.com/s/files/1/0568/1132/3597/files/hqojvzoe9y5ynf460jgs_600x600.jpg,70
Hot Wheels x Daniel Arsham Eroded Deora II,HPJ34,hot-wheels-x-daniel-arsham-eroded-deora-ii-hpj34,0,0,https://cdn.shopify.com/s/files/1/0568/1132/3597/files/tnflusejzojejucffqry_600x600.jpg,70
Hot Wheels x Daniel Arsham Eroded Porsche 930 and Rally Case,HPJ27,hot-wheels-daniel-arsham-eroded-porsche-930-and-rally-case-hpj27,0,0,https://cdn.shopify.com/s/files/1/0568/1132/3597/files/t6qz1fzca36qywppevgs_600x600.jpg,200
Hot Wheels x Daniel Arsham Eroded Rodger Dodger,HPJ28,hot-wheels-x-daniel-arsham-eroded-rodger-dodger-hpj28,0,0,https://cdn.shopify.com/s/files/1/0568/1132/3597/files/y7h7qlajgh87tnxyq4mh_600x600.jpg,70
The BATMAN The Ultimate Batmobile,HCD18,hot-wheels-rc-the-batman-batmobile-hcd18,0,0,https://cdn.shopify.com/s/files/1/0568/1132/3597/products/ilnvmbu8laeqoyljqglr_600x600.png,500
Hot Wheels R/C 1:10 Tesla Cybertruck,GYD25,hot-wheels-r-c-1-10-tesla-cybertruck-gyd25,-39,-39,https://cdn.shopify.com/s/files/1/0568/1132/3597/products/vymidkh8d4cnbfkoi4up_e0dc4ede-23cd-4340-9118-66e41bfea0bf_600x600.png,100
Hot Wheels Cey Adams “LOVE” 70’s Van,HNY48,hot-wheels-cey-adams-love-70s-van-hny48,-9972,-9972,https://cdn.shopify.com/s/files/1/0568/1132/3597/products/bu1m5fyhrhof7qlytvhs_9d8f43f8-2641-41e7-a0b7-c404b4c1c95a_600x600.jpg,30
Hot Wheels Premium Car Culture 2-Pack Subaru Crosstrek &amp; 2018 Toyota 4Runner,JBK98,hot-wheels-premium-car-culture-2-pack-jbk98,2457,919,https://cdn.shopify.com/s/files/1/0568/1132/3597/files/fc695b2ced2cd2109843dc9384582960db712b59_600x600.jpg,13
Hot Wheels Premium Car Culture 2-Pack,HKF53,hot-wheels-premium-car-culture-2-pack-hkf53,0,0,https://cdn.shopify.com/s/files/1/0568/1132/3597/files/ykddleepwqqk8ofvumke_600x600.jpg,13
Hot Wheels Premium Fast &amp; Furious Lamborghini LM002,JBL86,hot-wheels-premium-fast-furious-lamborghini-lm002-jbl86,4000,3822,https://cdn.shopify.com/s/files/1/0568/1132/3597/files/deb4910039df8216ec8a55ef151f57c6cc089a80_600x600.jpg,8
Hot Wheels Boulevard '69 Ford Mustang Boss 302,JBL20,hot-wheels-boulevard-69-ford-mustang-boss-302-jbl20,4000,2843,https://cdn.shopify.com/s/files/1/0568/1132/3597/files/4987fca53df6dc05ee7111f1a282dec3fd84583c_600x600.jpg,6.5
Hot Wheels Premium Fast &amp; Furious Koenigsegg CCXR,JBL88,hot-wheels-premium-fast-furious-koenigsegg-ccxr-jbl88,4000,2487,https://cdn.shopify.com/s/files/1/0568/1132/3597/files/5e25828d006fb858eabafed32c7b2de8cd8a2c05_600x600.jpg,8
Hot Wheels Premium Pop Culture 2021 BMW M5,JBL58,hot-wheels-premium-pop-culture-2021-bmw-m5-jbl58,2980,92,https://cdn.shopify.com/s/files/1/0568/1132/3597/files/e6d8b9ed86e9d4e4c312371eeb1967c78dd4706c_600x600.jpg,8
Hot Wheels Premium Car Culture 2-Pack Toyota 2000GT &amp; Toyota Supra,JBL03,hot-wheels-premium-car-culture-2-pack-jbl03,2917,0,https://cdn.shopify.com/s/files/1/0568/1132/3597/files/cbaddf8ba5cce832230f19d80731d8006a4b46d5_600x600.jpg,13
Hot Wheels Transformers Nemesis Prime,JCP67,hot-wheels-transformers-nemesis-prime-jcp67,0,-38856,https://cdn.shopify.com/s/files/1/0568/1132/3597/files/HWC_PDP_JCP67_PS_25_5632_600x600.jpg,65
Hot Wheels Fast &amp; Furious Lamborghini LM002,JBL86,hot-wheels-premium-fast-furious-lamborghini-lm002-jbl86,3814,3465,https://cdn.shopify.com/s/files/1/0568/1132/3597/files/deb4910039df8216ec8a55ef151f57c6cc089a80_600x600.jpg,8
Hot Wheels Car Culture 2-Pack Subaru Crosstrek &amp; 2018 Toyota 4Runner,JBK98,hot-wheels-premium-car-culture-2-pack-jbk98,771,0,https://cdn.shopify.com/s/files/1/0568/1132/3597/files/fc695b2ced2cd2109843dc9384582960db712b59_600x600.jpg,13
Hot Wheels Premium Pop Culture '17 Audi RS G Avant,HVJ47,hot-wheels-premium-pop-culture-vehicle-hvj47,966,285,https://cdn.shopify.com/s/files/1/0568/1132/3597/files/kh8jx9rigmyx9fz77qbg_600x600.jpg,6.5
Hot Wheels x Mercedes-Benz Project G-class Past II Future designed by NIGO,JGK31,hot-wheels-x-mercedes-benz-past-ii-future-jgk31,133,-135,https://cdn.shopify.com/s/files/1/0568/1132/3597/files/vtjxjn3dpyu2j95ub724_600x600.jpg,80
Hot Wheels Elite 64 Radford Type 62-2 Pikes Peak,JCP44,hot-wheels-elite64-radford-type-62-2-pikes-peak-jcp44,44282,41023,https://cdn.shopify.com/s/files/1/0568/1132/3597/files/vna59zbdqbvoegl5asxb_600x600.jpg,22
Hot Wheels Premium Car Culture Circuit Legends Porsche 917K,JBK63,hot-wheels-premium-car-culture-circuit-legends-porsche-917k-jbk63,2408,2121,https://cdn.shopify.com/s/files/1/0568/1132/3597/files/yqiqhkcudpnqdke3kog3_600x600.jpg,8
Hot Wheels Premium Car Culture Ferrari 499P,JBK49,hot-wheels-premium-car-culture-ferrari-499p-jbk49,530,0,https://cdn.shopify.com/s/files/1/0568/1132/3597/files/kcm4589daoxcple6ejjr_600x600.jpg,8
Hot Wheels Premium Car Culture 2024 Mustang RTR Spec 5-FD,JBK48,hot-wheels-premium-car-culture-2024-mustang-rtr-spec-5-fd-jbk48,3994,3571,https://cdn.shopify.com/s/files/1/0568/1132/3597/files/gdvs5ytbfihcqiof96pf_600x600.jpg,8
